profile_id,level_id,level_name,yorunge,lt_level,b,theta_start,theta_end,attempts,correct,accuracy,hints_total,hints_per_attempt,time_total_sec,time_per_attempt,mastered,attempts_to_mastery,yas,sayi_hissi,diskalkuli_riski
P01,T01,Birebir Eşleme,Sayma,4,-1.6,-1.05,-0.5,6,5,0.833,1,0.17,54.1,9.0,1,6.0,4,dusuk,False
P01,T02,5'e Kadar Sayma,Sayma,5,-1.2,-1.05,-0.84,3,3,1.0,1,0.33,29.1,9.7,1,3.0,4,dusuk,False
P01,T03,10'a Kadar Sayma,Sayma,6,-0.8,-1.05,0.2,10,6,0.6,7,0.7,132.2,13.2,1,10.0,4,dusuk,False
P01,T04,Kardinal İlke,Sayma,7,-0.5,-1.05,0.61,12,6,0.5,10,0.83,172.5,14.4,0,,4,dusuk,False
P01,T06,Algısal Sanbil (1-4),Sanbil,5,-0.9,-1.05,0.47,12,7,0.583,8,0.67,152.6,12.7,0,,4,dusuk,False
P01,T07,5'lik Çerçeve,Sanbil,6,-0.4,-1.05,0.75,12,5,0.417,8,0.67,169.1,14.1,0,,4,dusuk,False
P01,T08,Kavramsal Sanbil (10),Sanbil,8,0.2,-1.05,0.89,12,4,0.333,11,0.92,182.5,15.2,0,,4,dusuk,False
P01,T09,Az-Çok-Eşit,Karşılaştırma,7,-0.6,-1.05,-0.22,8,6,0.75,5,0.62,106.0,13.2,1,8.0,4,dusuk,False
P01,T12,5'in Parça-Bütünü,Sayı Bileşimi,4,-0.7,-1.05,-0.84,3,3,1.0,2,0.67,43.4,14.5,1,3.0,4,dusuk,False
P01,T13,10'un Arkadaşları,Sayı Bileşimi,6,0.3,-1.05,1.03,12,3,0.25,12,1.0,195.5,16.3,0,,4,dusuk,False
P01,T15,Somut Toplama (≤5),Toplama-Çıkarma,4,-0.5,-1.05,0.75,12,5,0.417,7,0.58,149.5,12.5,0,,4,dusuk,False
P01,T16,Üzerine Sayarak Topl.,Toplama-Çıkarma,7,0.4,-1.05,0.89,12,4,0.333,14,1.17,192.5,16.0,0,,4,dusuk,False
P02,T01,Birebir Eşleme,Sayma,4,-1.6,-2.44,-1.97,12,6,0.5,15,1.25,229.7,19.1,0,,4,dusuk,True
P02,T02,5'e Kadar Sayma,Sayma,5,-1.2,-2.44,-2.01,12,7,0.583,17,1.42,274.8,22.9,0,,4,dusuk,True
P02,T03,10'a Kadar Sayma,Sayma,6,-0.8,-2.44,-1.77,12,1,0.083,16,1.33,282.2,23.5,0,,4,dusuk,True
P02,T04,Kardinal İlke,Sayma,7,-0.5,-2.44,-1.85,12,3,0.25,16,1.33,316.6,26.4,0,,4,dusuk,True
P02,T06,Algısal Sanbil (1-4),Sanbil,5,-0.9,-2.44,-1.89,12,4,0.333,19,1.58,294.0,24.5,0,,4,dusuk,True
P02,T07,5'lik Çerçeve,Sanbil,6,-0.4,-2.44,-1.85,12,3,0.25,18,1.5,331.1,27.6,0,,4,dusuk,True
P02,T08,Kavramsal Sanbil (10),Sanbil,8,0.2,-2.44,-1.81,12,2,0.167,16,1.33,358.5,29.9,0,,4,dusuk,True
P02,T09,Az-Çok-Eşit,Karşılaştırma,7,-0.6,-2.44,-1.85,12,3,0.25,17,1.42,302.0,25.2,0,,4,dusuk,True
P02,T12,5'in Parça-Bütünü,Sayı Bileşimi,4,-0.7,-2.44,-1.93,12,5,0.417,17,1.42,317.3,26.4,0,,4,dusuk,True
P02,T13,10'un Arkadaşları,Sayı Bileşimi,6,0.3,-2.44,-1.97,8,0,0.0,8,1.0,248.9,31.1,0,,4,dusuk,True
P02,T15,Somut Toplama (≤5),Toplama-Çıkarma,4,-0.5,-2.44,-1.85,12,3,0.25,18,1.5,312.2,26.0,0,,4,dusuk,True
P02,T16,Üzerine Sayarak Topl.,Toplama-Çıkarma,7,0.4,-2.44,-1.89,12,4,0.333,18,1.5,382.8,31.9,0,,4,dusuk,True
P03,T01,Birebir Eşleme,Sayma,4,-1.6,0.07,0.19,3,3,1.0,1,0.33,34.4,11.5,1,3.0,4,tipik,False
P03,T02,5'e Kadar Sayma,Sayma,5,-1.2,0.07,0.19,3,3,1.0,0,0.0,28.5,9.5,1,3.0,4,tipik,False
P03,T03,10'a Kadar Sayma,Sayma,6,-0.8,0.07,0.19,3,3,1.0,1,0.33,29.7,9.9,1,3.0,4,tipik,False
P03,T04,Kardinal İlke,Sayma,7,-0.5,0.07,0.36,5,4,0.8,2,0.4,50.9,10.2,1,5.0,4,tipik,False
P03,T06,Algısal Sanbil (1-4),Sanbil,5,-0.9,0.07,0.4,6,5,0.833,0,0.0,59.7,10.0,1,6.0,4,tipik,False
P03,T07,5'lik Çerçeve,Sanbil,6,-0.4,0.07,0.31,4,3,0.75,0,0.0,31.2,7.8,1,4.0,4,tipik,False
P03,T08,Kavramsal Sanbil (10),Sanbil,8,0.2,0.07,0.19,3,3,1.0,2,0.67,34.5,11.5,1,3.0,4,tipik,False
P03,T09,Az-Çok-Eşit,Karşılaştırma,7,-0.6,0.07,0.27,5,5,1.0,5,1.0,63.5,12.7,1,5.0,4,tipik,False
P03,T12,5'in Parça-Bütünü,Sayı Bileşimi,4,-0.7,0.07,0.6,7,4,0.571,4,0.57,68.1,9.7,1,7.0,4,tipik,False
P03,T13,10'un Arkadaşları,Sayı Bileşimi,6,0.3,0.07,0.72,8,4,0.5,4,0.5,91.6,11.4,1,8.0,4,tipik,False
P03,T15,Somut Toplama (≤5),Toplama-Çıkarma,4,-0.5,0.07,0.6,7,4,0.571,1,0.14,60.1,8.6,1,7.0,4,tipik,False
P03,T16,Üzerine Sayarak Topl.,Toplama-Çıkarma,7,0.4,0.07,0.68,9,6,0.667,5,0.56,103.0,11.4,1,9.0,4,tipik,False
P04,T01,Birebir Eşleme,Sayma,4,-1.6,-1.37,-1.2,6,5,0.833,7,1.17,87.9,14.7,1,6.0,4,tipik,True
P04,T02,5'e Kadar Sayma,Sayma,5,-1.2,-1.37,-0.9,12,7,0.583,9,0.75,168.9,14.1,0,,4,tipik,True
P04,T03,10'a Kadar Sayma,Sayma,6,-0.8,-1.37,-0.86,12,6,0.5,14,1.17,205.6,17.1,0,,4,tipik,True
P04,T04,Kardinal İlke,Sayma,7,-0.5,-1.37,-0.78,12,4,0.333,11,0.92,221.1,18.4,0,,4,tipik,True
P04,T06,Algısal Sanbil (1-4),Sanbil,5,-0.9,-1.37,-1.03,12,10,0.833,16,1.33,219.3,18.3,0,,4,tipik,True
P04,T07,5'lik Çerçeve,Sanbil,6,-0.4,-1.37,-0.9,12,7,0.583,20,1.67,268.0,22.3,0,,4,tipik,True
P04,T08,Kavramsal Sanbil (10),Sanbil,8,0.2,-1.37,-0.99,6,0,0.0,9,1.5,150.5,25.1,0,,4,tipik,True
P04,T09,Az-Çok-Eşit,Karşılaştırma,7,-0.6,-1.37,-0.82,12,5,0.417,12,1.0,215.1,17.9,0,,4,tipik,True
P04,T12,5'in Parça-Bütünü,Sayı Bileşimi,4,-0.7,-1.37,-0.86,12,6,0.5,12,1.0,229.2,19.1,0,,4,tipik,True
P04,T13,10'un Arkadaşları,Sayı Bileşimi,6,0.3,-1.37,-0.78,12,4,0.333,19,1.58,302.9,25.2,0,,4,tipik,True
P04,T15,Somut Toplama (≤5),Toplama-Çıkarma,4,-0.5,-1.37,-0.82,12,5,0.417,13,1.08,228.9,19.1,0,,4,tipik,True
P04,T16,Üzerine Sayarak Topl.,Toplama-Çıkarma,7,0.4,-1.37,-0.69,12,2,0.167,13,1.08,293.5,24.5,0,,4,tipik,True
P05,T01,Birebir Eşleme,Sayma,4,-1.6,0.57,0.74,3,3,1.0,0,0.0,27.4,9.1,1,3.0,4,ileri,False
P05,T02,5'e Kadar Sayma,Sayma,5,-1.2,0.57,0.74,3,3,1.0,1,0.33,35.1,11.7,1,3.0,4,ileri,False
P05,T03,10'a Kadar Sayma,Sayma,6,-0.8,0.57,0.86,5,5,1.0,3,0.6,69.6,13.9,1,5.0,4,ileri,False
P05,T04,Kardinal İlke,Sayma,7,-0.5,0.57,0.74,3,3,1.0,1,0.33,29.1,9.7,1,3.0,4,ileri,False
P05,T06,Algısal Sanbil (1-4),Sanbil,5,-0.9,0.57,0.74,3,3,1.0,1,0.33,33.1,11.0,1,3.0,4,ileri,False
P05,T07,5'lik Çerçeve,Sanbil,6,-0.4,0.57,0.74,3,3,1.0,2,0.67,36.5,12.2,1,3.0,4,ileri,False
P05,T08,Kavramsal Sanbil (10),Sanbil,8,0.2,0.57,1.31,7,4,0.571,0,0.0,63.2,9.0,1,7.0,4,ileri,False
P05,T09,Az-Çok-Eşit,Karşılaştırma,7,-0.6,0.57,1.54,9,5,0.556,4,0.44,106.9,11.9,1,9.0,4,ileri,False
P05,T12,5'in Parça-Bütünü,Sayı Bileşimi,4,-0.7,0.57,1.43,9,6,0.667,3,0.33,101.3,11.3,1,9.0,4,ileri,False
P05,T13,10'un Arkadaşları,Sayı Bileşimi,6,0.3,0.57,1.37,8,5,0.625,2,0.25,91.9,11.5,1,8.0,4,ileri,False
P05,T15,Somut Toplama (≤5),Toplama-Çıkarma,4,-0.5,0.57,0.74,3,3,1.0,2,0.67,36.2,12.1,1,3.0,4,ileri,False
P05,T16,Üzerine Sayarak Topl.,Toplama-Çıkarma,7,0.4,0.57,1.31,7,4,0.571,3,0.43,84.3,12.0,1,7.0,4,ileri,False
P06,T01,Birebir Eşleme,Sayma,4,-1.6,-1.27,-0.96,10,7,0.7,8,0.8,144.9,14.5,1,10.0,4,ileri,True
P06,T02,5'e Kadar Sayma,Sayma,5,-1.2,-1.27,-0.85,12,7,0.583,15,1.25,183.8,15.3,0,,4,ileri,True
P06,T03,10'a Kadar Sayma,Sayma,6,-0.8,-1.27,-0.89,12,8,0.667,12,1.0,191.6,16.0,0,,4,ileri,True
P06,T04,Kardinal İlke,Sayma,7,-0.5,-1.27,-0.81,12,6,0.5,14,1.17,216.0,18.0,0,,4,ileri,True
P06,T06,Algısal Sanbil (1-4),Sanbil,5,-0.9,-1.27,-0.81,12,6,0.5,14,1.17,188.6,15.7,0,,4,ileri,True
P06,T07,5'lik Çerçeve,Sanbil,6,-0.4,-1.27,-0.96,12,10,0.833,13,1.08,231.8,19.3,1,12.0,4,ileri,True
P06,T08,Kavramsal Sanbil (10),Sanbil,8,0.2,-1.27,-0.91,9,4,0.444,12,1.33,212.5,23.6,1,9.0,4,ileri,True
P06,T09,Az-Çok-Eşit,Karşılaştırma,7,-0.6,-1.27,-0.81,12,6,0.5,16,1.33,224.1,18.7,0,,4,ileri,True
P06,T12,5'in Parça-Bütünü,Sayı Bileşimi,4,-0.7,-1.27,-0.81,12,6,0.5,15,1.25,221.7,18.5,0,,4,ileri,True
P06,T13,10'un Arkadaşları,Sayı Bileşimi,6,0.3,-1.27,-0.85,12,7,0.583,15,1.25,279.7,23.3,0,,4,ileri,True
P06,T15,Somut Toplama (≤5),Toplama-Çıkarma,4,-0.5,-1.27,-0.81,12,6,0.5,16,1.33,240.3,20.0,0,,4,ileri,True
P06,T16,Üzerine Sayarak Topl.,Toplama-Çıkarma,7,0.4,-1.27,-0.69,12,3,0.25,16,1.33,282.7,23.6,0,,4,ileri,True
P07,T01,Birebir Eşleme,Sayma,4,-1.6,-0.36,0.22,8,6,0.75,0,0.0,79.7,10.0,1,8.0,5,dusuk,False
P07,T02,5'e Kadar Sayma,Sayma,5,-1.2,-0.36,0.41,8,4,0.5,3,0.38,83.1,10.4,1,8.0,5,dusuk,False
P07,T03,10'a Kadar Sayma,Sayma,6,-0.8,-0.36,-0.22,3,3,1.0,1,0.33,33.2,11.1,1,3.0,5,dusuk,False
P07,T04,Kardinal İlke,Sayma,7,-0.5,-0.36,-0.22,3,3,1.0,2,0.67,38.1,12.7,1,3.0,5,dusuk,False
P07,T05,Geri Sayma (10→1),Sayma,9,0.0,-0.36,0.46,9,5,0.556,6,0.67,102.1,11.3,1,9.0,5,dusuk,False
P07,T06,Algısal Sanbil (1-4),Sanbil,5,-0.9,-0.36,0.6,12,8,0.667,7,0.58,147.0,12.2,1,12.0,5,dusuk,False
P07,T07,5'lik Çerçeve,Sanbil,6,-0.4,-0.36,-0.22,3,3,1.0,1,0.33,39.4,13.1,1,3.0,5,dusuk,False
P07,T08,Kavramsal Sanbil (10),Sanbil,8,0.2,-0.36,0.89,12,5,0.417,7,0.58,149.4,12.5,0,,5,dusuk,False
P07,T09,Az-Çok-Eşit,Karşılaştırma,7,-0.6,-0.36,0.5,12,9,0.75,8,0.67,144.8,12.1,1,12.0,5,dusuk,False
P07,T10,Sıralama (1-10),Karşılaştırma,12,0.5,-0.36,0.7,12,7,0.583,18,1.5,203.1,16.9,0,,5,dusuk,False
P07,T12,5'in Parça-Bütünü,Sayı Bileşimi,4,-0.7,-0.36,0.6,12,8,0.667,11,0.92,159.3,13.3,0,,5,dusuk,False
P07,T13,10'un Arkadaşları,Sayı Bileşimi,6,0.3,-0.36,1.08,12,3,0.25,11,0.92,171.8,14.3,0,,5,dusuk,False
P07,T14,Numbers-in-Numbers,Sayı Bileşimi,9,0.9,-0.36,0.7,12,7,0.583,17,1.42,225.3,18.8,0,,5,dusuk,False
P07,T15,Somut Toplama (≤5),Toplama-Çıkarma,4,-0.5,-0.36,0.65,11,6,0.545,3,0.27,127.9,11.6,1,11.0,5,dusuk,False
P07,T16,Üzerine Sayarak Topl.,Toplama-Çıkarma,7,0.4,-0.36,0.89,12,5,0.417,10,0.83,166.5,13.9,1,12.0,5,dusuk,False
P07,T17,10'a Tamamla,Toplama-Çıkarma,10,1.1,-0.36,0.89,12,5,0.417,18,1.5,236.1,19.7,0,,5,dusuk,False
P08,T01,Birebir Eşleme,Sayma,4,-1.6,-0.87,-0.49,5,3,0.6,1,0.2,47.3,9.5,1,5.0,5,dusuk,False
P08,T02,5'e Kadar Sayma,Sayma,5,-1.2,-0.87,-0.74,3,3,1.0,2,0.67,40.7,13.6,1,3.0,5,dusuk,False
P08,T03,10'a Kadar Sayma,Sayma,6,-0.8,-0.87,-0.07,11,7,0.636,8,0.73,130.1,11.8,1,11.0,5,dusuk,False
P08,T04,Kardinal İlke,Sayma,7,-0.5,-0.87,-0.37,8,6,0.75,9,1.12,126.0,15.8,1,8.0,5,dusuk,False
P08,T05,Geri Sayma (10→1),Sayma,9,0.0,-0.87,0.22,12,5,0.417,9,0.75,167.6,14.0,0,,5,dusuk,False
P08,T06,Algısal Sanbil (1-4),Sanbil,5,-0.9,-0.87,-0.2,10,7,0.7,8,0.8,119.2,11.9,1,10.0,5,dusuk,False
P08,T07,5'lik Çerçeve,Sanbil,6,-0.4,-0.87,-0.74,3,3,1.0,2,0.67,43.5,14.5,1,3.0,5,dusuk,False
P08,T08,Kavramsal Sanbil (10),Sanbil,8,0.2,-0.87,0.14,12,6,0.5,17,1.42,210.6,17.6,0,,5,dusuk,False
P08,T09,Az-Çok-Eşit,Karşılaştırma,7,-0.6,-0.87,-0.74,3,3,1.0,2,0.67,40.9,13.6,1,3.0,5,dusuk,False
P08,T10,Sıralama (1-10),Karşılaştırma,12,0.5,-0.87,0.31,12,4,0.333,15,1.25,227.4,18.9,0,,5,dusuk,False
P08,T12,5'in Parça-Bütünü,Sayı Bileşimi,4,-0.7,-0.87,-0.74,3,3,1.0,2,0.67,39.9,13.3,1,3.0,5,dusuk,False
P08,T13,10'un Arkadaşları,Sayı Bileşimi,6,0.3,-0.87,0.22,12,5,0.417,17,1.42,211.3,17.6,0,,5,dusuk,False
P08,T14,Numbers-in-Numbers,Sayı Bileşimi,9,0.9,-0.87,0.39,12,3,0.25,14,1.17,223.0,18.6,0,,5,dusuk,False
P08,T15,Somut Toplama (≤5),Toplama-Çıkarma,4,-0.5,-0.87,-0.03,12,8,0.667,8,0.67,149.3,12.4,1,12.0,5,dusuk,False
P08,T16,Üzerine Sayarak Topl.,Toplama-Çıkarma,7,0.4,-0.87,-0.11,12,9,0.75,15,1.25,224.7,18.7,0,,5,dusuk,False
P08,T17,10'a Tamamla,Toplama-Çıkarma,10,1.1,-0.87,0.39,12,3,0.25,13,1.08,252.3,21.0,0,,5,dusuk,False
P09,T01,Birebir Eşleme,Sayma,4,-1.6,-2.18,-1.4,12,6,0.5,17,1.42,220.1,18.3,0,,5,dusuk,True
P09,T02,5'e Kadar Sayma,Sayma,5,-1.2,-2.18,-1.47,12,7,0.583,15,1.25,229.0,19.1,0,,5,dusuk,True
P09,T03,10'a Kadar Sayma,Sayma,6,-0.8,-2.18,-1.6,6,0,0.0,7,1.17,129.4,21.6,0,,5,dusuk,True
P09,T04,Kardinal İlke,Sayma,7,-0.5,-2.18,-1.27,12,4,0.333,12,1.0,259.0,21.6,0,,5,dusuk,True
P09,T05,Geri Sayma (10→1),Sayma,9,0.0,-2.18,-1.34,12,5,0.417,23,1.92,331.7,27.6,0,,5,dusuk,True
P09,T06,Algısal Sanbil (1-4),Sanbil,5,-0.9,-2.18,-1.4,12,6,0.5,14,1.17,244.1,20.3,0,,5,dusuk,True
P09,T07,5'lik Çerçeve,Sanbil,6,-0.4,-2.18,-1.21,12,3,0.25,14,1.17,269.2,22.4,0,,5,dusuk,True
P09,T08,Kavramsal Sanbil (10),Sanbil,8,0.2,-2.18,-1.21,12,3,0.25,18,1.5,330.1,27.5,0,,5,dusuk,True
P09,T09,Az-Çok-Eşit,Karşılaştırma,7,-0.6,-2.18,-1.21,12,3,0.25,13,1.08,246.7,20.6,0,,5,dusuk,True
P09,T10,Sıralama (1-10),Karşılaştırma,12,0.5,-2.18,-1.14,12,2,0.167,13,1.08,334.3,27.9,0,,5,dusuk,True
P09,T12,5'in Parça-Bütünü,Sayı Bileşimi,4,-0.7,-2.18,-1.69,5,0,0.0,5,1.0,103.2,20.6,0,,5,dusuk,True
P09,T13,10'un Arkadaşları,Sayı Bileşimi,6,0.3,-2.18,-1.69,5,0,0.0,5,1.0,130.8,26.2,0,,5,dusuk,True
P09,T14,Numbers-in-Numbers,Sayı Bileşimi,9,0.9,-2.18,-1.14,12,2,0.167,21,1.75,366.0,30.5,0,,5,dusuk,True
P09,T15,Somut Toplama (≤5),Toplama-Çıkarma,4,-0.5,-2.18,-1.47,12,7,0.583,19,1.58,296.7,24.7,0,,5,dusuk,True
P09,T16,Üzerine Sayarak Topl.,Toplama-Çıkarma,7,0.4,-2.18,-1.6,6,0,0.0,12,2.0,186.8,31.1,0,,5,dusuk,True
P09,T17,10'a Tamamla,Toplama-Çıkarma,10,1.1,-2.18,-1.14,12,2,0.167,14,1.17,358.1,29.8,0,,5,dusuk,True
P10,T01,Birebir Eşleme,Sayma,4,-1.6,-2.09,-1.42,12,6,0.5,10,0.83,187.2,15.6,0,,5,dusuk,True
P10,T02,5'e Kadar Sayma,Sayma,5,-1.2,-2.09,-1.31,12,4,0.333,16,1.33,238.0,19.8,0,,5,dusuk,True
P10,T03,10'a Kadar Sayma,Sayma,6,-0.8,-2.09,-1.42,12,6,0.5,20,1.67,275.2,22.9,0,,5,dusuk,True
P10,T04,Kardinal İlke,Sayma,7,-0.5,-2.09,-1.19,12,2,0.167,13,1.08,275.9,23.0,0,,5,dusuk,True
P10,T05,Geri Sayma (10→1),Sayma,9,0.0,-2.09,-1.36,12,5,0.417,11,0.92,301.8,25.1,0,,5,dusuk,True
P10,T06,Algısal Sanbil (1-4),Sanbil,5,-0.9,-2.09,-1.36,12,5,0.417,15,1.25,256.3,21.4,0,,5,dusuk,True
P10,T07,5'lik Çerçeve,Sanbil,6,-0.4,-2.09,-1.64,8,4,0.5,9,1.12,191.6,23.9,1,8.0,5,dusuk,True
P10,T08,Kavramsal Sanbil (10),Sanbil,8,0.2,-2.09,-1.25,12,3,0.25,19,1.58,347.6,29.0,0,,5,dusuk,True
P10,T09,Az-Çok-Eşit,Karşılaştırma,7,-0.6,-2.09,-1.36,12,5,0.417,10,0.83,253.8,21.2,0,,5,dusuk,True
P10,T10,Sıralama (1-10),Karşılaştırma,12,0.5,-2.09,-1.19,12,2,0.167,18,1.5,348.9,29.1,0,,5,dusuk,True
P10,T12,5'in Parça-Bütünü,Sayı Bileşimi,4,-0.7,-2.09,-1.42,12,6,0.5,18,1.5,287.5,24.0,0,,5,dusuk,True
P10,T13,10'un Arkadaşları,Sayı Bileşimi,6,0.3,-2.09,-1.25,12,3,0.25,15,1.25,332.4,27.7,0,,5,dusuk,True
P10,T14,Numbers-in-Numbers,Sayı Bileşimi,9,0.9,-2.09,-1.14,12,1,0.083,16,1.33,360.7,30.1,0,,5,dusuk,True
P10,T15,Somut Toplama (≤5),Toplama-Çıkarma,4,-0.5,-2.09,-1.42,12,6,0.5,15,1.25,289.6,24.1,0,,5,dusuk,True
P10,T16,Üzerine Sayarak Topl.,Toplama-Çıkarma,7,0.4,-2.09,-1.14,12,1,0.083,20,1.67,361.0,30.1,0,,5,dusuk,True
P10,T17,10'a Tamamla,Toplama-Çıkarma,10,1.1,-2.09,-1.17,11,0,0.0,15,1.36,352.2,32.0,0,,5,dusuk,True
P11,T01,Birebir Eşleme,Sayma,4,-1.6,0.25,0.41,3,3,1.0,2,0.67,37.5,12.5,1,3.0,5,tipik,False
P11,T02,5'e Kadar Sayma,Sayma,5,-1.2,0.25,0.41,3,3,1.0,0,0.0,25.4,8.5,1,3.0,5,tipik,False
P11,T03,10'a Kadar Sayma,Sayma,6,-0.8,0.25,0.41,3,3,1.0,0,0.0,30.3,10.1,1,3.0,5,tipik,False
P11,T04,Kardinal İlke,Sayma,7,-0.5,0.25,0.41,3,3,1.0,1,0.33,32.3,10.8,1,3.0,5,tipik,False
P11,T05,Geri Sayma (10→1),Sayma,9,0.0,0.25,0.93,9,7,0.778,6,0.67,117.3,13.0,1,9.0,5,tipik,False
P11,T06,Algısal Sanbil (1-4),Sanbil,5,-0.9,0.25,0.56,4,3,0.75,1,0.25,45.4,11.4,1,4.0,5,tipik,False
P11,T07,5'lik Çerçeve,Sanbil,6,-0.4,0.25,0.41,3,3,1.0,1,0.33,29.3,9.8,1,3.0,5,tipik,False
P11,T08,Kavramsal Sanbil (10),Sanbil,8,0.2,0.25,0.56,4,3,0.75,2,0.5,43.6,10.9,1,4.0,5,tipik,False
P11,T09,Az-Çok-Eşit,Karşılaştırma,7,-0.6,0.25,0.41,3,3,1.0,0,0.0,26.0,8.7,1,3.0,5,tipik,False
P11,T10,Sıralama (1-10),Karşılaştırma,12,0.5,0.25,1.51,12,6,0.5,8,0.67,139.8,11.6,0,,5,tipik,False
P11,T12,5'in Parça-Bütünü,Sayı Bileşimi,4,-0.7,0.25,0.62,5,4,0.8,2,0.4,56.3,11.3,1,5.0,5,tipik,False
P11,T13,10'un Arkadaşları,Sayı Bileşimi,6,0.3,0.25,1.04,9,6,0.667,5,0.56,103.7,11.5,1,9.0,5,tipik,False
P11,T14,Numbers-in-Numbers,Sayı Bileşimi,9,0.9,0.25,1.51,12,6,0.5,11,0.92,146.6,12.2,1,12.0,5,tipik,False
P11,T15,Somut Toplama (≤5),Toplama-Çıkarma,4,-0.5,0.25,0.67,6,5,0.833,2,0.33,63.5,10.6,1,6.0,5,tipik,False
P11,T16,Üzerine Sayarak Topl.,Toplama-Çıkarma,7,0.4,0.25,1.3,12,8,0.667,7,0.58,140.2,11.7,0,,5,tipik,False
P11,T17,10'a Tamamla,Toplama-Çıkarma,10,1.1,0.25,0.56,4,3,0.75,5,1.25,64.9,16.2,1,4.0,5,tipik,False
P12,T01,Birebir Eşleme,Sayma,4,-1.6,-0.37,-0.18,4,4,1.0,4,1.0,50.2,12.6,1,4.0,5,tipik,False
P12,T02,5'e Kadar Sayma,Sayma,5,-1.2,-0.37,0.24,7,4,0.571,2,0.29,62.9,9.0,1,7.0,5,tipik,False
P12,T03,10'a Kadar Sayma,Sayma,6,-0.8,-0.37,-0.04,5,4,0.8,4,0.8,50.9,10.2,1,5.0,5,tipik,False
P12,T04,Kardinal İlke,Sayma,7,-0.5,-0.37,0.24,7,4,0.571,2,0.29,74.3,10.6,1,7.0,5,tipik,False
P12,T05,Geri Sayma (10→1),Sayma,9,0.0,-0.37,0.29,8,5,0.625,7,0.88,108.0,13.5,1,8.0,5,tipik,False
P12,T06,Algısal Sanbil (1-4),Sanbil,5,-0.9,-0.37,0.76,12,6,0.5,2,0.17,107.6,9.0,0,,5,tipik,False
P12,T07,5'lik Çerçeve,Sanbil,6,-0.4,-0.37,-0.09,4,3,0.75,1,0.25,35.2,8.8,1,4.0,5,tipik,False
P12,T08,Kavramsal Sanbil (10),Sanbil,8,0.2,-0.37,0.86,12,5,0.417,9,0.75,143.3,11.9,0,,5,tipik,False
P12,T09,Az-Çok-Eşit,Karşılaştırma,7,-0.6,-0.37,-0.23,3,3,1.0,1,0.33,34.0,11.3,1,3.0,5,tipik,False
P12,T10,Sıralama (1-10),Karşılaştırma,12,0.5,-0.37,0.95,12,4,0.333,7,0.58,138.1,11.5,0,,5,tipik,False
P12,T12,5'in Parça-Bütünü,Sayı Bileşimi,4,-0.7,-0.37,-0.04,5,4,0.8,2,0.4,49.0,9.8,1,5.0,5,tipik,False
P12,T13,10'un Arkadaşları,Sayı Bileşimi,6,0.3,-0.37,0.43,9,5,0.556,2,0.22,96.1,10.7,1,9.0,5,tipik,False
P12,T14,Numbers-in-Numbers,Sayı Bileşimi,9,0.9,-0.37,1.14,12,2,0.167,8,0.67,156.5,13.0,0,,5,tipik,False
P12,T15,Somut Toplama (≤5),Toplama-Çıkarma,4,-0.5,-0.37,0.67,12,7,0.583,9,0.75,134.2,11.2,0,,5,tipik,False
P12,T16,Üzerine Sayarak Topl.,Toplama-Çıkarma,7,0.4,-0.37,1.05,12,3,0.25,18,1.5,189.9,15.8,0,,5,tipik,False
P12,T17,10'a Tamamla,Toplama-Çıkarma,10,1.1,-0.37,0.67,12,7,0.583,13,1.08,178.7,14.9,0,,5,tipik,False
P13,T01,Birebir Eşleme,Sayma,4,-1.6,-0.98,-0.87,4,3,0.75,1,0.25,57.3,14.3,1,4.0,5,tipik,True
P13,T02,5'e Kadar Sayma,Sayma,5,-1.2,-0.98,-0.58,12,7,0.583,6,0.5,158.9,13.2,0,,5,tipik,True
P13,T03,10'a Kadar Sayma,Sayma,6,-0.8,-0.98,-0.75,7,4,0.571,8,1.14,114.8,16.4,1,7.0,5,tipik,True
P13,T04,Kardinal İlke,Sayma,7,-0.5,-0.98,-0.62,12,8,0.667,11,0.92,191.4,16.0,0,,5,tipik,True
P13,T05,Geri Sayma (10→1),Sayma,9,0.0,-0.98,-0.93,3,3,1.0,2,0.67,55.0,18.3,1,3.0,5,tipik,True
P13,T06,Algısal Sanbil (1-4),Sanbil,5,-0.9,-0.98,-0.58,12,7,0.583,10,0.83,172.0,14.3,0,,5,tipik,True
P13,T07,5'lik Çerçeve,Sanbil,6,-0.4,-0.98,-0.48,12,4,0.333,16,1.33,228.5,19.0,0,,5,tipik,True
P13,T08,Kavramsal Sanbil (10),Sanbil,8,0.2,-0.98,-0.44,12,3,0.25,16,1.33,254.5,21.2,0,,5,tipik,True
P13,T09,Az-Çok-Eşit,Karşılaştırma,7,-0.6,-0.98,-0.58,12,7,0.583,12,1.0,202.8,16.9,0,,5,tipik,True
P13,T10,Sıralama (1-10),Karşılaştırma,12,0.5,-0.98,-0.51,12,5,0.417,17,1.42,291.3,24.3,0,,5,tipik,True
P13,T12,5'in Parça-Bütünü,Sayı Bileşimi,4,-0.7,-0.98,-0.62,10,5,0.5,7,0.7,148.9,14.9,1,10.0,5,tipik,True
P13,T13,10'un Arkadaşları,Sayı Bileşimi,6,0.3,-0.98,-0.42,11,1,0.091,14,1.27,238.7,21.7,0,,5,tipik,True
P13,T14,Numbers-in-Numbers,Sayı Bileşimi,9,0.9,-0.98,-0.48,12,4,0.333,10,0.83,290.8,24.2,0,,5,tipik,True
P13,T15,Somut Toplama (≤5),Toplama-Çıkarma,4,-0.5,-0.98,-0.69,12,10,0.833,14,1.17,205.7,17.1,1,12.0,5,tipik,True
P13,T16,Üzerine Sayarak Topl.,Toplama-Çıkarma,7,0.4,-0.98,-0.51,12,5,0.417,14,1.17,274.4,22.9,0,,5,tipik,True
P13,T17,10'a Tamamla,Toplama-Çıkarma,10,1.1,-0.98,-0.4,12,2,0.167,18,1.5,339.6,28.3,0,,5,tipik,True
P14,T01,Birebir Eşleme,Sayma,4,-1.6,-1.15,-0.91,8,7,0.875,7,0.88,117.0,14.6,1,8.0,5,tipik,True
P14,T02,5'e Kadar Sayma,Sayma,5,-1.2,-1.15,-0.77,10,7,0.7,6,0.6,119.3,11.9,1,10.0,5,tipik,True
P14,T03,10'a Kadar Sayma,Sayma,6,-0.8,-1.15,-0.77,10,7,0.7,8,0.8,144.8,14.5,1,10.0,5,tipik,True
P14,T04,Kardinal İlke,Sayma,7,-0.5,-1.15,-0.62,12,7,0.583,12,1.0,202.4,16.9,0,,5,tipik,True
P14,T05,Geri Sayma (10→1),Sayma,9,0.0,-1.15,-0.62,12,7,0.583,16,1.33,254.6,21.2,0,,5,tipik,True
P14,T06,Algısal Sanbil (1-4),Sanbil,5,-0.9,-1.15,-0.62,12,7,0.583,15,1.25,198.4,16.5,0,,5,tipik,True
P14,T07,5'lik Çerçeve,Sanbil,6,-0.4,-1.15,-0.62,12,7,0.583,16,1.33,227.6,19.0,0,,5,tipik,True
P14,T08,Kavramsal Sanbil (10),Sanbil,8,0.2,-1.15,-0.57,12,6,0.5,15,1.25,263.5,22.0,0,,5,tipik,True
P14,T09,Az-Çok-Eşit,Karşılaştırma,7,-0.6,-1.15,-0.6,11,5,0.455,11,1.0,171.3,15.6,1,11.0,5,tipik,True
P14,T10,Sıralama (1-10),Karşılaştırma,12,0.5,-1.15,-0.62,12,7,0.583,16,1.33,295.6,24.6,0,,5,tipik,True
P14,T12,5'in Parça-Bütünü,Sayı Bileşimi,4,-0.7,-1.15,-1.01,4,3,0.75,1,0.25,53.9,13.5,1,4.0,5,tipik,True
P14,T13,10'un Arkadaşları,Sayı Bileşimi,6,0.3,-1.15,-0.43,12,3,0.25,19,1.58,276.9,23.1,0,,5,tipik,True
P14,T14,Numbers-in-Numbers,Sayı Bileşimi,9,0.9,-1.15,-0.43,12,3,0.25,18,1.5,324.4,27.0,0,,5,tipik,True
P14,T15,Somut Toplama (≤5),Toplama-Çıkarma,4,-0.5,-1.15,-0.98,5,4,0.8,5,1.0,91.8,18.4,1,5.0,5,tipik,True
P14,T16,Üzerine Sayarak Topl.,Toplama-Çıkarma,7,0.4,-1.15,-0.53,12,5,0.417,11,0.92,261.6,21.8,0,,5,tipik,True
P14,T17,10'a Tamamla,Toplama-Çıkarma,10,1.1,-1.15,-0.38,12,2,0.167,18,1.5,313.5,26.1,0,,5,tipik,True
P15,T01,Birebir Eşleme,Sayma,4,-1.6,0.76,1.12,5,4,0.8,0,0.0,45.4,9.1,1,5.0,5,ileri,False
P15,T02,5'e Kadar Sayma,Sayma,5,-1.2,0.76,0.91,3,3,1.0,0,0.0,26.6,8.9,1,3.0,5,ileri,False
P15,T03,10'a Kadar Sayma,Sayma,6,-0.8,0.76,1.12,5,4,0.8,1,0.2,42.6,8.5,1,5.0,5,ileri,False
P15,T04,Kardinal İlke,Sayma,7,-0.5,0.76,1.02,5,5,1.0,3,0.6,57.5,11.5,1,5.0,5,ileri,False
P15,T05,Geri Sayma (10→1),Sayma,9,0.0,0.76,0.91,3,3,1.0,2,0.67,35.5,11.8,1,3.0,5,ileri,False
P15,T06,Algısal Sanbil (1-4),Sanbil,5,-0.9,0.76,0.91,3,3,1.0,0,0.0,27.9,9.3,1,3.0,5,ileri,False
P15,T07,5'lik Çerçeve,Sanbil,6,-0.4,0.76,1.32,7,5,0.714,1,0.14,68.4,9.8,1,7.0,5,ileri,False
P15,T08,Kavramsal Sanbil (10),Sanbil,8,0.2,0.76,1.63,11,8,0.727,7,0.64,130.8,11.9,1,11.0,5,ileri,False
P15,T09,Az-Çok-Eşit,Karşılaştırma,7,-0.6,0.76,1.32,7,5,0.714,0,0.0,60.2,8.6,1,7.0,5,ileri,False
P15,T10,Sıralama (1-10),Karşılaştırma,12,0.5,0.76,0.91,3,3,1.0,1,0.33,37.3,12.4,1,3.0,5,ileri,False
P15,T12,5'in Parça-Bütünü,Sayı Bileşimi,4,-0.7,0.76,1.12,5,4,0.8,2,0.4,60.2,12.0,1,5.0,5,ileri,False
P15,T13,10'un Arkadaşları,Sayı Bileşimi,6,0.3,0.76,1.17,6,5,0.833,3,0.5,75.0,12.5,1,6.0,5,ileri,False
P15,T14,Numbers-in-Numbers,Sayı Bileşimi,9,0.9,0.76,1.89,12,7,0.583,5,0.42,134.8,11.2,0,,5,ileri,False
P15,T15,Somut Toplama (≤5),Toplama-Çıkarma,4,-0.5,0.76,1.17,6,5,0.833,5,0.83,72.1,12.0,1,6.0,5,ileri,False
P15,T16,Üzerine Sayarak Topl.,Toplama-Çıkarma,7,0.4,0.76,0.91,3,3,1.0,1,0.33,33.3,11.1,1,3.0,5,ileri,False
P15,T17,10'a Tamamla,Toplama-Çıkarma,10,1.1,0.76,1.99,12,6,0.5,6,0.5,138.9,11.6,0,,5,ileri,False
P16,T01,Birebir Eşleme,Sayma,4,-1.6,1.22,1.44,3,3,1.0,0,0.0,29.5,9.8,1,3.0,5,ileri,False
P16,T02,5'e Kadar Sayma,Sayma,5,-1.2,1.22,1.44,3,3,1.0,0,0.0,33.4,11.1,1,3.0,5,ileri,False
P16,T03,10'a Kadar Sayma,Sayma,6,-0.8,1.22,1.44,3,3,1.0,0,0.0,35.7,11.9,1,3.0,5,ileri,False
P16,T04,Kardinal İlke,Sayma,7,-0.5,1.22,1.44,3,3,1.0,1,0.33,41.3,13.8,1,3.0,5,ileri,False
P16,T05,Geri Sayma (10→1),Sayma,9,0.0,1.22,1.44,3,3,1.0,1,0.33,37.7,12.6,1,3.0,5,ileri,False
P16,T06,Algısal Sanbil (1-4),Sanbil,5,-0.9,1.22,1.44,3,3,1.0,1,0.33,37.6,12.5,1,3.0,5,ileri,False
P16,T07,5'lik Çerçeve,Sanbil,6,-0.4,1.22,1.8,6,5,0.833,1,0.17,58.5,9.8,1,6.0,5,ileri,False
P16,T08,Kavramsal Sanbil (10),Sanbil,8,0.2,1.22,1.65,4,3,0.75,0,0.0,43.5,10.9,1,4.0,5,ileri,False
P16,T09,Az-Çok-Eşit,Karşılaştırma,7,-0.6,1.22,1.44,3,3,1.0,0,0.0,26.0,8.7,1,3.0,5,ileri,False
P16,T10,Sıralama (1-10),Karşılaştırma,12,0.5,1.22,1.94,6,4,0.667,1,0.17,67.3,11.2,1,6.0,5,ileri,False
P16,T12,5'in Parça-Bütünü,Sayı Bileşimi,4,-0.7,1.22,1.44,3,3,1.0,0,0.0,29.7,9.9,1,3.0,5,ileri,False
P16,T13,10'un Arkadaşları,Sayı Bileşimi,6,0.3,1.22,1.44,3,3,1.0,1,0.33,34.8,11.6,1,3.0,5,ileri,False
P16,T14,Numbers-in-Numbers,Sayı Bileşimi,9,0.9,1.22,1.58,5,5,1.0,4,0.8,68.6,13.7,1,5.0,5,ileri,False
P16,T15,Somut Toplama (≤5),Toplama-Çıkarma,4,-0.5,1.22,1.44,3,3,1.0,1,0.33,33.6,11.2,1,3.0,5,ileri,False
P16,T16,Üzerine Sayarak Topl.,Toplama-Çıkarma,7,0.4,1.22,2.01,9,8,0.889,6,0.67,122.6,13.6,1,9.0,5,ileri,False
P16,T17,10'a Tamamla,Toplama-Çıkarma,10,1.1,1.22,1.87,5,3,0.6,4,0.8,59.3,11.9,1,5.0,5,ileri,False
P17,T01,Birebir Eşleme,Sayma,4,-1.6,-0.5,-0.45,3,3,1.0,2,0.67,27.7,9.2,1,3.0,5,ileri,True
P17,T02,5'e Kadar Sayma,Sayma,5,-1.2,-0.5,-0.37,6,5,0.833,6,1.0,77.1,12.8,1,6.0,5,ileri,True
P17,T03,10'a Kadar Sayma,Sayma,6,-0.8,-0.5,-0.44,4,4,1.0,3,0.75,55.0,13.8,1,4.0,5,ileri,True
P17,T04,Kardinal İlke,Sayma,7,-0.5,-0.5,-0.29,9,7,0.778,8,0.89,128.1,14.2,1,9.0,5,ileri,True
P17,T05,Geri Sayma (10→1),Sayma,9,0.0,-0.5,-0.15,12,7,0.583,12,1.0,190.7,15.9,0,,5,ileri,True
P17,T06,Algısal Sanbil (1-4),Sanbil,5,-0.9,-0.5,-0.29,9,7,0.778,7,0.78,120.1,13.3,1,9.0,5,ileri,True
P17,T07,5'lik Çerçeve,Sanbil,6,-0.4,-0.5,-0.36,5,3,0.6,2,0.4,63.4,12.7,1,5.0,5,ileri,True
P17,T08,Kavramsal Sanbil (10),Sanbil,8,0.2,-0.5,-0.12,12,6,0.5,14,1.17,199.9,16.7,0,,5,ileri,True
P17,T09,Az-Çok-Eşit,Karşılaştırma,7,-0.6,-0.5,-0.26,11,9,0.818,11,1.0,153.4,13.9,1,11.0,5,ileri,True
P17,T10,Sıralama (1-10),Karşılaştırma,12,0.5,-0.5,0.01,12,2,0.167,15,1.25,221.6,18.5,0,,5,ileri,True
P17,T12,5'in Parça-Bütünü,Sayı Bileşimi,4,-0.7,-0.5,-0.34,6,4,0.667,6,1.0,75.5,12.6,1,6.0,5,ileri,True
P17,T13,10'un Arkadaşları,Sayı Bileşimi,6,0.3,-0.5,-0.08,12,5,0.417,7,0.58,189.7,15.8,0,,5,ileri,True
P17,T14,Numbers-in-Numbers,Sayı Bileşimi,9,0.9,-0.5,-0.02,12,3,0.25,14,1.17,239.4,19.9,0,,5,ileri,True
P17,T15,Somut Toplama (≤5),Toplama-Çıkarma,4,-0.5,-0.5,-0.34,6,4,0.667,4,0.67,86.3,14.4,1,6.0,5,ileri,True
P17,T16,Üzerine Sayarak Topl.,Toplama-Çıkarma,7,0.4,-0.5,-0.15,12,7,0.583,15,1.25,209.2,17.4,0,,5,ileri,True
P17,T17,10'a Tamamla,Toplama-Çıkarma,10,1.1,-0.5,-0.02,12,3,0.25,16,1.33,266.9,22.2,0,,5,ileri,True
P18,T01,Birebir Eşleme,Sayma,4,-1.6,-0.12,-0.02,3,3,1.0,0,0.0,32.3,10.8,1,3.0,5,ileri,True
P18,T02,5'e Kadar Sayma,Sayma,5,-1.2,-0.12,0.32,9,7,0.778,6,0.67,114.7,12.7,1,9.0,5,ileri,True
P18,T03,10'a Kadar Sayma,Sayma,6,-0.8,-0.12,0.15,6,5,0.833,4,0.67,67.9,11.3,1,6.0,5,ileri,True
P18,T04,Kardinal İlke,Sayma,7,-0.5,-0.12,0.08,4,3,0.75,1,0.25,38.1,9.5,1,4.0,5,ileri,True
P18,T05,Geri Sayma (10→1),Sayma,9,0.0,-0.12,0.69,12,6,0.5,12,1.0,160.9,13.4,0,,5,ileri,True
P18,T06,Algısal Sanbil (1-4),Sanbil,5,-0.9,-0.12,0.12,5,4,0.8,2,0.4,46.2,9.2,1,5.0,5,ileri,True
P18,T07,5'lik Çerçeve,Sanbil,6,-0.4,-0.12,0.05,5,5,1.0,5,1.0,66.4,13.3,1,5.0,5,ileri,True
P18,T08,Kavramsal Sanbil (10),Sanbil,8,0.2,-0.12,0.82,12,4,0.333,7,0.58,145.6,12.1,0,,5,ileri,True
P18,T09,Az-Çok-Eşit,Karşılaştırma,7,-0.6,-0.12,0.38,11,9,0.818,12,1.09,156.0,14.2,1,11.0,5,ileri,True
P18,T10,Sıralama (1-10),Karşılaştırma,12,0.5,-0.12,0.42,12,10,0.833,15,1.25,189.8,15.8,0,,5,ileri,True
P18,T12,5'in Parça-Bütünü,Sayı Bileşimi,4,-0.7,-0.12,0.12,5,4,0.8,2,0.4,51.6,10.3,1,5.0,5,ileri,True
P18,T13,10'un Arkadaşları,Sayı Bileşimi,6,0.3,-0.12,0.32,7,4,0.571,4,0.57,84.2,12.0,1,7.0,5,ileri,True
P18,T14,Numbers-in-Numbers,Sayı Bileşimi,9,0.9,-0.12,0.96,12,2,0.167,13,1.08,195.5,16.3,0,,5,ileri,True
P18,T15,Somut Toplama (≤5),Toplama-Çıkarma,4,-0.5,-0.12,0.22,6,4,0.667,4,0.67,76.2,12.7,1,6.0,5,ileri,True
P18,T16,Üzerine Sayarak Topl.,Toplama-Çıkarma,7,0.4,-0.12,0.75,12,5,0.417,9,0.75,165.4,13.8,0,,5,ileri,True
P18,T17,10'a Tamamla,Toplama-Çıkarma,10,1.1,-0.12,0.69,12,6,0.5,12,1.0,221.1,18.4,0,,5,ileri,True
P19,T01,Birebir Eşleme,Sayma,4,-1.6,-0.65,-0.43,3,3,1.0,1,0.33,33.8,11.3,1,3.0,6,dusuk,False
P19,T02,5'e Kadar Sayma,Sayma,5,-1.2,-0.65,-0.43,3,3,1.0,2,0.67,40.0,13.3,1,3.0,6,dusuk,False
P19,T03,10'a Kadar Sayma,Sayma,6,-0.8,-0.65,0.54,10,7,0.7,6,0.6,116.4,11.6,1,10.0,6,dusuk,False
P19,T04,Kardinal İlke,Sayma,7,-0.5,-0.65,0.76,11,7,0.636,7,0.64,138.3,12.6,1,11.0,6,dusuk,False
P19,T05,Geri Sayma (10→1),Sayma,9,0.0,-0.65,0.91,11,6,0.545,7,0.64,135.9,12.4,1,11.0,6,dusuk,False
P19,T06,Algısal Sanbil (1-4),Sanbil,5,-0.9,-0.65,-0.2,4,3,0.75,2,0.5,49.8,12.4,1,4.0,6,dusuk,False
P19,T07,5'lik Çerçeve,Sanbil,6,-0.4,-0.65,0.76,11,7,0.636,6,0.55,135.4,12.3,1,11.0,6,dusuk,False
P19,T08,Kavramsal Sanbil (10),Sanbil,8,0.2,-0.65,1.28,12,5,0.417,9,0.75,163.4,13.6,0,,6,dusuk,False
P19,T09,Az-Çok-Eşit,Karşılaştırma,7,-0.6,-0.65,0.09,6,4,0.667,7,1.17,82.1,13.7,1,6.0,6,dusuk,False
P19,T10,Sıralama (1-10),Karşılaştırma,12,0.5,-0.65,1.28,12,5,0.417,13,1.08,192.5,16.0,0,,6,dusuk,False
P19,T11,Sayı Doğrusu Konum,Karşılaştırma,15,1.2,-0.65,1.28,12,5,0.417,13,1.08,212.4,17.7,0,,6,dusuk,False
P19,T12,5'in Parça-Bütünü,Sayı Bileşimi,4,-0.7,-0.65,-0.43,3,3,1.0,2,0.67,36.2,12.1,1,3.0,6,dusuk,False
P19,T13,10'un Arkadaşları,Sayı Bileşimi,6,0.3,-0.65,-0.2,4,3,0.75,2,0.5,59.0,14.8,1,4.0,6,dusuk,False
P19,T14,Numbers-in-Numbers,Sayı Bileşimi,9,0.9,-0.65,0.99,12,7,0.583,11,0.92,208.5,17.4,0,,6,dusuk,False
P19,T15,Somut Toplama (≤5),Toplama-Çıkarma,4,-0.5,-0.65,0.84,10,5,0.5,6,0.6,128.3,12.8,1,10.0,6,dusuk,False
P19,T16,Üzerine Sayarak Topl.,Toplama-Çıkarma,7,0.4,-0.65,0.17,7,5,0.714,10,1.43,125.2,17.9,1,7.0,6,dusuk,False
P19,T17,10'a Tamamla,Toplama-Çıkarma,10,1.1,-0.65,0.47,5,0,0.0,4,0.8,95.0,19.0,0,,6,dusuk,False
P19,T18,Onluk Birimleme,Basamak Değeri,16,1.5,-0.65,1.58,12,3,0.25,17,1.42,229.7,19.1,0,,6,dusuk,False
P20,T01,Birebir Eşleme,Sayma,4,-1.6,-0.49,-0.36,3,3,1.0,0,0.0,35.8,11.9,1,3.0,6,dusuk,False
P20,T02,5'e Kadar Sayma,Sayma,5,-1.2,-0.49,-0.36,3,3,1.0,2,0.67,43.5,14.5,1,3.0,6,dusuk,False
P20,T03,10'a Kadar Sayma,Sayma,6,-0.8,-0.49,0.02,8,6,0.75,6,0.75,112.9,14.1,1,8.0,6,dusuk,False
P20,T04,Kardinal İlke,Sayma,7,-0.5,-0.49,0.61,12,5,0.417,4,0.33,127.1,10.6,0,,6,dusuk,False
P20,T05,Geri Sayma (10→1),Sayma,9,0.0,-0.49,0.44,12,7,0.583,7,0.58,156.2,13.0,0,,6,dusuk,False
P20,T06,Algısal Sanbil (1-4),Sanbil,5,-0.9,-0.49,-0.11,7,6,0.857,4,0.57,81.1,11.6,1,7.0,6,dusuk,False
P20,T07,5'lik Çerçeve,Sanbil,6,-0.4,-0.49,-0.36,3,3,1.0,1,0.33,31.9,10.6,1,3.0,6,dusuk,False
P20,T08,Kavramsal Sanbil (10),Sanbil,8,0.2,-0.49,0.53,12,6,0.5,15,1.25,192.2,16.0,0,,6,dusuk,False
P20,T09,Az-Çok-Eşit,Karşılaştırma,7,-0.6,-0.49,-0.36,3,3,1.0,0,0.0,32.3,10.8,1,3.0,6,dusuk,False
P20,T10,Sıralama (1-10),Karşılaştırma,12,0.5,-0.49,0.44,12,7,0.583,14,1.17,212.5,17.7,0,,6,dusuk,False
P20,T11,Sayı Doğrusu Konum,Karşılaştırma,15,1.2,-0.49,0.78,12,3,0.25,14,1.17,241.9,20.2,0,,6,dusuk,False
P20,T12,5'in Parça-Bütünü,Sayı Bileşimi,4,-0.7,-0.49,0.19,12,10,0.833,10,0.83,173.1,14.4,1,12.0,6,dusuk,False
P20,T13,10'un Arkadaşları,Sayı Bileşimi,6,0.3,-0.49,0.32,11,7,0.636,13,1.18,184.2,16.7,1,11.0,6,dusuk,False
P20,T14,Numbers-in-Numbers,Sayı Bileşimi,9,0.9,-0.49,0.7,12,4,0.333,13,1.08,237.8,19.8,0,,6,dusuk,False
P20,T15,Somut Toplama (≤5),Toplama-Çıkarma,4,-0.5,-0.49,0.1,8,5,0.625,7,0.88,113.5,14.2,1,8.0,6,dusuk,False
P20,T16,Üzerine Sayarak Topl.,Toplama-Çıkarma,7,0.4,-0.49,0.7,12,4,0.333,10,0.83,181.5,15.1,0,,6,dusuk,False
P20,T17,10'a Tamamla,Toplama-Çıkarma,10,1.1,-0.49,0.7,12,4,0.333,14,1.17,246.0,20.5,0,,6,dusuk,False
P20,T18,Onluk Birimleme,Basamak Değeri,16,1.5,-0.49,0.7,12,4,0.333,15,1.25,273.9,22.8,0,,6,dusuk,False
P21,T01,Birebir Eşleme,Sayma,4,-1.6,-1.36,-0.84,8,5,0.625,6,0.75,104.8,13.1,1,8.0,6,dusuk,True
P21,T02,5'e Kadar Sayma,Sayma,5,-1.2,-1.36,-0.69,10,6,0.6,6,0.6,123.8,12.4,1,10.0,6,dusuk,True
P21,T03,10'a Kadar Sayma,Sayma,6,-0.8,-1.36,-0.84,12,11,0.917,18,1.5,217.1,18.1,1,12.0,6,dusuk,True
P21,T04,Kardinal İlke,Sayma,7,-0.5,-1.36,-0.76,8,4,0.5,6,0.75,128.4,16.1,1,8.0,6,dusuk,True
P21,T05,Geri Sayma (10→1),Sayma,9,0.0,-1.36,-0.32,12,4,0.333,14,1.17,230.7,19.2,0,,6,dusuk,True
P21,T06,Algısal Sanbil (1-4),Sanbil,5,-0.9,-1.36,-0.62,10,5,0.5,7,0.7,141.8,14.2,1,10.0,6,dusuk,True
P21,T07,5'lik Çerçeve,Sanbil,6,-0.4,-1.36,-0.39,12,5,0.417,13,1.08,209.7,17.5,0,,6,dusuk,True
P21,T08,Kavramsal Sanbil (10),Sanbil,8,0.2,-1.36,-0.17,12,2,0.167,9,0.75,231.5,19.3,0,,6,dusuk,True
P21,T09,Az-Çok-Eşit,Karşılaştırma,7,-0.6,-1.36,-0.47,12,6,0.5,13,1.08,204.1,17.0,0,,6,dusuk,True
P21,T10,Sıralama (1-10),Karşılaştırma,12,0.5,-1.36,-0.32,12,4,0.333,17,1.42,266.6,22.2,0,,6,dusuk,True
P21,T11,Sayı Doğrusu Konum,Karşılaştırma,15,1.2,-1.36,-0.24,12,3,0.25,16,1.33,311.3,25.9,0,,6,dusuk,True
P21,T12,5'in Parça-Bütünü,Sayı Bileşimi,4,-0.7,-1.36,-0.62,12,8,0.667,10,0.83,180.3,15.0,0,,6,dusuk,True
P21,T13,10'un Arkadaşları,Sayı Bileşimi,6,0.3,-1.36,-0.91,6,3,0.5,5,0.83,130.7,21.8,1,6.0,6,dusuk,True
P21,T14,Numbers-in-Numbers,Sayı Bileşimi,9,0.9,-1.36,-0.8,5,0,0.0,10,2.0,142.3,28.5,0,,6,dusuk,True
P21,T15,Somut Toplama (≤5),Toplama-Çıkarma,4,-0.5,-1.36,-0.47,12,6,0.5,10,0.83,193.0,16.1,0,,6,dusuk,True
P21,T16,Üzerine Sayarak Topl.,Toplama-Çıkarma,7,0.4,-1.36,-0.69,6,0,0.0,11,1.83,160.0,26.7,0,,6,dusuk,True
P21,T17,10'a Tamamla,Toplama-Çıkarma,10,1.1,-1.36,-0.32,12,4,0.333,11,0.92,301.7,25.1,0,,6,dusuk,True
P21,T18,Onluk Birimleme,Basamak Değeri,16,1.5,-1.36,-0.24,12,3,0.25,16,1.33,341.6,28.5,0,,6,dusuk,True
P22,T01,Birebir Eşleme,Sayma,4,-1.6,-1.19,-0.92,6,5,0.833,2,0.33,69.3,11.5,1,6.0,6,dusuk,True
P22,T02,5'e Kadar Sayma,Sayma,5,-1.2,-1.19,-0.63,9,5,0.556,7,0.78,124.7,13.9,1,9.0,6,dusuk,True
P22,T03,10'a Kadar Sayma,Sayma,6,-0.8,-1.19,-0.26,12,4,0.333,10,0.83,156.3,13.0,0,,6,dusuk,True
P22,T04,Kardinal İlke,Sayma,7,-0.5,-1.19,-0.53,12,8,0.667,11,0.92,187.5,15.6,1,12.0,6,dusuk,True
P22,T05,Geri Sayma (10→1),Sayma,9,0.0,-1.19,-0.46,12,7,0.583,17,1.42,232.2,19.4,0,,6,dusuk,True
P22,T06,Algısal Sanbil (1-4),Sanbil,5,-0.9,-1.19,-0.69,9,6,0.667,5,0.56,117.4,13.0,1,9.0,6,dusuk,True
P22,T07,5'lik Çerçeve,Sanbil,6,-0.4,-1.19,-0.39,12,6,0.5,10,0.83,169.6,14.1,0,,6,dusuk,True
P22,T08,Kavramsal Sanbil (10),Sanbil,8,0.2,-1.19,-0.33,12,5,0.417,13,1.08,220.8,18.4,0,,6,dusuk,True
P22,T09,Az-Çok-Eşit,Karşılaştırma,7,-0.6,-1.19,-0.39,12,6,0.5,13,1.08,180.1,15.0,0,,6,dusuk,True
P22,T10,Sıralama (1-10),Karşılaştırma,12,0.5,-1.19,-0.26,12,4,0.333,18,1.5,257.1,21.4,0,,6,dusuk,True
P22,T11,Sayı Doğrusu Konum,Karşılaştırma,15,1.2,-1.19,-0.19,12,3,0.25,15,1.25,290.3,24.2,0,,6,dusuk,True
P22,T12,5'in Parça-Bütünü,Sayı Bileşimi,4,-0.7,-1.19,-0.19,12,3,0.25,12,1.0,170.3,14.2,0,,6,dusuk,True
P22,T13,10'un Arkadaşları,Sayı Bileşimi,6,0.3,-1.19,-0.13,12,2,0.167,18,1.5,251.4,20.9,0,,6,dusuk,True
P22,T14,Numbers-in-Numbers,Sayı Bileşimi,9,0.9,-1.19,-0.59,6,0,0.0,9,1.5,149.1,24.8,0,,6,dusuk,True
P22,T15,Somut Toplama (≤5),Toplama-Çıkarma,4,-0.5,-1.19,-0.39,12,6,0.5,14,1.17,193.8,16.2,0,,6,dusuk,True
P22,T16,Üzerine Sayarak Topl.,Toplama-Çıkarma,7,0.4,-1.19,-0.26,12,4,0.333,14,1.17,225.7,18.8,0,,6,dusuk,True
P22,T17,10'a Tamamla,Toplama-Çıkarma,10,1.1,-1.19,-0.33,12,5,0.417,18,1.5,289.0,24.1,0,,6,dusuk,True
P22,T18,Onluk Birimleme,Basamak Değeri,16,1.5,-1.19,-0.69,5,0,0.0,7,1.4,130.2,26.0,0,,6,dusuk,True
P23,T01,Birebir Eşleme,Sayma,4,-1.6,0.39,0.57,3,3,1.0,0,0.0,31.6,10.5,1,3.0,6,tipik,False
P23,T02,5'e Kadar Sayma,Sayma,5,-1.2,0.39,0.75,6,6,1.0,5,0.83,86.0,14.3,1,6.0,6,tipik,False
P23,T03,10'a Kadar Sayma,Sayma,6,-0.8,0.39,1.06,7,5,0.714,0,0.0,66.0,9.4,1,7.0,6,tipik,False
P23,T04,Kardinal İlke,Sayma,7,-0.5,0.39,0.57,3,3,1.0,2,0.67,35.5,11.8,1,3.0,6,tipik,False
P23,T05,Geri Sayma (10→1),Sayma,9,0.0,0.39,0.57,3,3,1.0,1,0.33,37.0,12.3,1,3.0,6,tipik,False
P23,T06,Algısal Sanbil (1-4),Sanbil,5,-0.9,0.39,0.57,3,3,1.0,1,0.33,33.4,11.1,1,3.0,6,tipik,False
P23,T07,5'lik Çerçeve,Sanbil,6,-0.4,0.39,0.75,4,3,0.75,2,0.5,43.2,10.8,1,4.0,6,tipik,False
P23,T08,Kavramsal Sanbil (10),Sanbil,8,0.2,0.39,1.42,11,8,0.727,6,0.55,132.3,12.0,1,11.0,6,tipik,False
P23,T09,Az-Çok-Eşit,Karşılaştırma,7,-0.6,0.39,1.3,9,6,0.667,3,0.33,105.9,11.8,1,9.0,6,tipik,False
P23,T10,Sıralama (1-10),Karşılaştırma,12,0.5,0.39,1.73,12,7,0.583,8,0.67,140.4,11.7,0,,6,tipik,False
P23,T11,Sayı Doğrusu Konum,Karşılaştırma,15,1.2,0.39,1.55,11,7,0.636,12,1.09,163.7,14.9,1,11.0,6,tipik,False
P23,T12,5'in Parça-Bütünü,Sayı Bileşimi,4,-0.7,0.39,1.48,12,9,0.75,3,0.25,118.7,9.9,1,12.0,6,tipik,False
P23,T13,10'un Arkadaşları,Sayı Bileşimi,6,0.3,0.39,1.36,10,7,0.7,8,0.8,135.8,13.6,1,10.0,6,tipik,False
P23,T14,Numbers-in-Numbers,Sayı Bileşimi,9,0.9,0.39,1.24,8,5,0.625,7,0.88,115.7,14.5,1,8.0,6,tipik,False
P23,T15,Somut Toplama (≤5),Toplama-Çıkarma,4,-0.5,0.39,0.57,3,3,1.0,2,0.67,34.0,11.3,1,3.0,6,tipik,False
P23,T16,Üzerine Sayarak Topl.,Toplama-Çıkarma,7,0.4,0.39,1.42,9,5,0.556,7,0.78,119.7,13.3,1,9.0,6,tipik,False
P23,T17,10'a Tamamla,Toplama-Çıkarma,10,1.1,0.39,1.61,12,8,0.667,8,0.67,162.9,13.6,0,,6,tipik,False
P23,T18,Onluk Birimleme,Basamak Değeri,16,1.5,0.39,1.06,7,5,0.714,10,1.43,132.6,18.9,1,7.0,6,tipik,False
P24,T01,Birebir Eşleme,Sayma,4,-1.6,0.87,1.18,5,4,0.8,0,0.0,54.1,10.8,1,5.0,6,tipik,False
P24,T02,5'e Kadar Sayma,Sayma,5,-1.2,0.87,1.0,3,3,1.0,0,0.0,24.5,8.2,1,3.0,6,tipik,False
P24,T03,10'a Kadar Sayma,Sayma,6,-0.8,0.87,1.14,4,3,0.75,1,0.25,48.8,12.2,1,4.0,6,tipik,False
P24,T04,Kardinal İlke,Sayma,7,-0.5,0.87,1.0,3,3,1.0,2,0.67,41.0,13.7,1,3.0,6,tipik,False
P24,T05,Geri Sayma (10→1),Sayma,9,0.0,0.87,1.54,9,6,0.667,3,0.33,101.0,11.2,1,9.0,6,tipik,False
P24,T06,Algısal Sanbil (1-4),Sanbil,5,-0.9,0.87,1.0,3,3,1.0,1,0.33,39.3,13.1,1,3.0,6,tipik,False
P24,T07,5'lik Çerçeve,Sanbil,6,-0.4,0.87,1.4,8,6,0.75,4,0.5,95.0,11.9,1,8.0,6,tipik,False
P24,T08,Kavramsal Sanbil (10),Sanbil,8,0.2,0.87,1.0,3,3,1.0,1,0.33,40.5,13.5,1,3.0,6,tipik,False
P24,T09,Az-Çok-Eşit,Karşılaştırma,7,-0.6,0.87,1.0,3,3,1.0,2,0.67,42.3,14.1,1,3.0,6,tipik,False
P24,T10,Sıralama (1-10),Karşılaştırma,12,0.5,0.87,1.18,5,4,0.8,5,1.0,82.1,16.4,1,5.0,6,tipik,False
P24,T11,Sayı Doğrusu Konum,Karşılaştırma,15,1.2,0.87,1.14,6,6,1.0,9,1.5,100.5,16.7,1,6.0,6,tipik,False
P24,T12,5'in Parça-Bütünü,Sayı Bileşimi,4,-0.7,0.87,1.4,8,6,0.75,2,0.25,90.9,11.4,1,8.0,6,tipik,False
P24,T13,10'un Arkadaşları,Sayı Bileşimi,6,0.3,0.87,1.49,10,8,0.8,6,0.6,151.3,15.1,1,10.0,6,tipik,False
P24,T14,Numbers-in-Numbers,Sayı Bileşimi,9,0.9,0.87,1.18,5,4,0.8,3,0.6,65.5,13.1,1,5.0,6,tipik,False
P24,T15,Somut Toplama (≤5),Toplama-Çıkarma,4,-0.5,0.87,1.0,3,3,1.0,2,0.67,41.6,13.9,1,3.0,6,tipik,False
P24,T16,Üzerine Sayarak Topl.,Toplama-Çıkarma,7,0.4,0.87,1.54,9,6,0.667,6,0.67,114.8,12.8,1,9.0,6,tipik,False
P24,T17,10'a Tamamla,Toplama-Çıkarma,10,1.1,0.87,1.94,12,6,0.5,12,1.0,171.0,14.2,0,,6,tipik,False
P24,T18,Onluk Birimleme,Basamak Değeri,16,1.5,0.87,1.31,8,7,0.875,11,1.38,146.4,18.3,1,8.0,6,tipik,False
P25,T01,Birebir Eşleme,Sayma,4,-1.6,-0.77,-0.54,4,3,0.75,1,0.25,48.1,12.0,1,4.0,6,tipik,True
P25,T02,5'e Kadar Sayma,Sayma,5,-1.2,-0.77,-0.36,7,5,0.714,4,0.57,89.7,12.8,1,7.0,6,tipik,True
P25,T03,10'a Kadar Sayma,Sayma,6,-0.8,-0.77,-0.17,10,7,0.7,8,0.8,149.5,14.9,1,10.0,6,tipik,True
P25,T04,Kardinal İlke,Sayma,7,-0.5,-0.77,0.21,12,5,0.417,12,1.0,172.6,14.4,0,,6,tipik,True
P25,T05,Geri Sayma (10→1),Sayma,9,0.0,-0.77,-0.24,10,8,0.8,10,1.0,188.2,18.8,1,10.0,6,tipik,True
P25,T06,Algısal Sanbil (1-4),Sanbil,5,-0.9,-0.77,-0.66,3,3,1.0,2,0.67,45.0,15.0,1,3.0,6,tipik,True
P25,T07,5'lik Çerçeve,Sanbil,6,-0.4,-0.77,0.06,12,7,0.583,18,1.5,211.5,17.6,0,,6,tipik,True
P25,T08,Kavramsal Sanbil (10),Sanbil,8,0.2,-0.77,-0.02,12,8,0.667,19,1.58,252.9,21.1,0,,6,tipik,True
P25,T09,Az-Çok-Eşit,Karşılaştırma,7,-0.6,-0.77,-0.02,12,8,0.667,12,1.0,185.7,15.5,0,,6,tipik,True
P25,T10,Sıralama (1-10),Karşılaştırma,12,0.5,-0.77,0.06,12,7,0.583,13,1.08,258.0,21.5,0,,6,tipik,True
P25,T11,Sayı Doğrusu Konum,Karşılaştırma,15,1.2,-0.77,0.06,12,7,0.583,18,1.5,318.1,26.5,0,,6,tipik,True
P25,T12,5'in Parça-Bütünü,Sayı Bileşimi,4,-0.7,-0.77,0.06,12,7,0.583,17,1.42,192.5,16.0,0,,6,tipik,True
P25,T13,10'un Arkadaşları,Sayı Bileşimi,6,0.3,-0.77,0.43,12,2,0.167,14,1.17,232.3,19.4,0,,6,tipik,True
P25,T14,Numbers-in-Numbers,Sayı Bileşimi,9,0.9,-0.77,0.21,12,5,0.417,16,1.33,277.9,23.2,0,,6,tipik,True
P25,T15,Somut Toplama (≤5),Toplama-Çıkarma,4,-0.5,-0.77,-0.21,9,6,0.667,7,0.78,131.9,14.7,1,9.0,6,tipik,True
P25,T16,Üzerine Sayarak Topl.,Toplama-Çıkarma,7,0.4,-0.77,0.28,12,4,0.333,17,1.42,255.6,21.3,0,,6,tipik,True
P25,T17,10'a Tamamla,Toplama-Çıkarma,10,1.1,-0.77,0.4,11,1,0.091,9,0.82,230.7,21.0,0,,6,tipik,True
P25,T18,Onluk Birimleme,Basamak Değeri,16,1.5,-0.77,0.36,12,3,0.25,15,1.25,319.7,26.6,0,,6,tipik,True
P26,T01,Birebir Eşleme,Sayma,4,-1.6,-1.4,-0.65,12,7,0.583,11,0.92,180.0,15.0,0,,6,tipik,True
P26,T02,5'e Kadar Sayma,Sayma,5,-1.2,-1.4,-0.65,12,7,0.583,12,1.0,190.0,15.8,0,,6,tipik,True
P26,T03,10'a Kadar Sayma,Sayma,6,-0.8,-1.4,-0.65,12,7,0.583,15,1.25,198.6,16.6,0,,6,tipik,True
P26,T04,Kardinal İlke,Sayma,7,-0.5,-1.4,-0.65,12,7,0.583,17,1.42,245.9,20.5,0,,6,tipik,True
P26,T05,Geri Sayma (10→1),Sayma,9,0.0,-1.4,-0.52,12,5,0.417,14,1.17,252.4,21.0,0,,6,tipik,True
P26,T06,Algısal Sanbil (1-4),Sanbil,5,-0.9,-1.4,-0.72,12,8,0.667,18,1.5,215.3,17.9,0,,6,tipik,True
P26,T07,5'lik Çerçeve,Sanbil,6,-0.4,-1.4,-0.65,12,7,0.583,17,1.42,245.8,20.5,0,,6,tipik,True
P26,T08,Kavramsal Sanbil (10),Sanbil,8,0.2,-1.4,-0.69,11,6,0.545,14,1.27,246.5,22.4,1,11.0,6,tipik,True
P26,T09,Az-Çok-Eşit,Karşılaştırma,7,-0.6,-1.4,-0.86,8,4,0.5,7,0.88,143.5,17.9,1,8.0,6,tipik,True
P26,T10,Sıralama (1-10),Karşılaştırma,12,0.5,-1.4,-0.38,12,3,0.25,17,1.42,295.4,24.6,0,,6,tipik,True
P26,T11,Sayı Doğrusu Konum,Karşılaştırma,15,1.2,-1.4,-0.69,7,0,0.0,6,0.86,192.4,27.5,0,,6,tipik,True
P26,T12,5'in Parça-Bütünü,Sayı Bileşimi,4,-0.7,-1.4,-0.52,12,5,0.417,16,1.33,227.5,19.0,0,,6,tipik,True
P26,T13,10'un Arkadaşları,Sayı Bileşimi,6,0.3,-1.4,-0.58,12,6,0.5,11,0.92,272.6,22.7,0,,6,tipik,True
P26,T14,Numbers-in-Numbers,Sayı Bileşimi,9,0.9,-1.4,-0.38,12,3,0.25,19,1.58,331.3,27.6,0,,6,tipik,True
P26,T15,Somut Toplama (≤5),Toplama-Çıkarma,4,-0.5,-1.4,-0.72,12,8,0.667,12,1.0,219.6,18.3,0,,6,tipik,True
P26,T16,Üzerine Sayarak Topl.,Toplama-Çıkarma,7,0.4,-1.4,-0.45,12,4,0.333,14,1.17,279.0,23.2,0,,6,tipik,True
P26,T17,10'a Tamamla,Toplama-Çıkarma,10,1.1,-1.4,-0.31,12,2,0.167,16,1.33,328.5,27.4,0,,6,tipik,True
P26,T18,Onluk Birimleme,Basamak Değeri,16,1.5,-1.4,-0.24,12,1,0.083,15,1.25,364.9,30.4,0,,6,tipik,True
P27,T01,Birebir Eşleme,Sayma,4,-1.6,1.06,1.29,3,3,1.0,0,0.0,20.7,6.9,1,3.0,6,ileri,False
P27,T02,5'e Kadar Sayma,Sayma,5,-1.2,1.06,1.6,5,4,0.8,0,0.0,43.1,8.6,1,5.0,6,ileri,False
P27,T03,10'a Kadar Sayma,Sayma,6,-0.8,1.06,1.52,4,3,0.75,0,0.0,34.1,8.5,1,4.0,6,ileri,False
P27,T04,Kardinal İlke,Sayma,7,-0.5,1.06,1.29,3,3,1.0,0,0.0,32.8,10.9,1,3.0,6,ileri,False
P27,T05,Geri Sayma (10→1),Sayma,9,0.0,1.06,1.29,3,3,1.0,0,0.0,25.7,8.6,1,3.0,6,ileri,False
P27,T06,Algısal Sanbil (1-4),Sanbil,5,-0.9,1.06,1.52,4,3,0.75,0,0.0,36.7,9.2,1,4.0,6,ileri,False
P27,T07,5'lik Çerçeve,Sanbil,6,-0.4,1.06,1.29,3,3,1.0,0,0.0,27.8,9.3,1,3.0,6,ileri,False
P27,T08,Kavramsal Sanbil (10),Sanbil,8,0.2,1.06,1.29,3,3,1.0,1,0.33,35.9,12.0,1,3.0,6,ileri,False
P27,T09,Az-Çok-Eşit,Karşılaştırma,7,-0.6,1.06,1.29,3,3,1.0,1,0.33,33.1,11.0,1,3.0,6,ileri,False
P27,T10,Sıralama (1-10),Karşılaştırma,12,0.5,1.06,1.83,8,7,0.875,6,0.75,91.2,11.4,1,8.0,6,ileri,False
P27,T11,Sayı Doğrusu Konum,Karşılaştırma,15,1.2,1.06,2.06,7,4,0.571,1,0.14,63.8,9.1,1,7.0,6,ileri,False
P27,T12,5'in Parça-Bütünü,Sayı Bileşimi,4,-0.7,1.06,1.29,3,3,1.0,0,0.0,23.1,7.7,1,3.0,6,ileri,False
P27,T13,10'un Arkadaşları,Sayı Bileşimi,6,0.3,1.06,1.29,3,3,1.0,1,0.33,28.2,9.4,1,3.0,6,ileri,False
P27,T14,Numbers-in-Numbers,Sayı Bileşimi,9,0.9,1.06,1.75,7,6,0.857,8,1.14,92.0,13.1,1,7.0,6,ileri,False
P27,T15,Somut Toplama (≤5),Toplama-Çıkarma,4,-0.5,1.06,1.29,3,3,1.0,1,0.33,30.3,10.1,1,3.0,6,ileri,False
P27,T16,Üzerine Sayarak Topl.,Toplama-Çıkarma,7,0.4,1.06,1.29,3,3,1.0,2,0.67,34.6,11.5,1,3.0,6,ileri,False
P27,T17,10'a Tamamla,Toplama-Çıkarma,10,1.1,1.06,1.68,6,5,0.833,5,0.83,71.8,12.0,1,6.0,6,ileri,False
P27,T18,Onluk Birimleme,Basamak Değeri,16,1.5,1.06,2.91,12,6,0.5,8,0.67,133.7,11.1,0,,6,ileri,False
P28,T01,Birebir Eşleme,Sayma,4,-1.6,1.15,1.37,3,3,1.0,0,0.0,23.8,7.9,1,3.0,6,ileri,False
P28,T02,5'e Kadar Sayma,Sayma,5,-1.2,1.15,1.37,3,3,1.0,0,0.0,30.1,10.0,1,3.0,6,ileri,False
P28,T03,10'a Kadar Sayma,Sayma,6,-0.8,1.15,1.37,3,3,1.0,0,0.0,28.9,9.6,1,3.0,6,ileri,False
P28,T04,Kardinal İlke,Sayma,7,-0.5,1.15,1.37,3,3,1.0,0,0.0,30.6,10.2,1,3.0,6,ileri,False
P28,T05,Geri Sayma (10→1),Sayma,9,0.0,1.15,2.05,6,3,0.5,0,0.0,46.2,7.7,1,6.0,6,ileri,False
P28,T06,Algısal Sanbil (1-4),Sanbil,5,-0.9,1.15,1.75,6,5,0.833,0,0.0,54.5,9.1,1,6.0,6,ileri,False
P28,T07,5'lik Çerçeve,Sanbil,6,-0.4,1.15,1.75,6,5,0.833,1,0.17,55.7,9.3,1,6.0,6,ileri,False
P28,T08,Kavramsal Sanbil (10),Sanbil,8,0.2,1.15,1.75,6,5,0.833,1,0.17,62.5,10.4,1,6.0,6,ileri,False
P28,T09,Az-Çok-Eşit,Karşılaştırma,7,-0.6,1.15,1.37,3,3,1.0,0,0.0,28.7,9.6,1,3.0,6,ileri,False
P28,T10,Sıralama (1-10),Karşılaştırma,12,0.5,1.15,2.65,12,8,0.667,6,0.5,123.3,10.3,1,12.0,6,ileri,False
P28,T11,Sayı Doğrusu Konum,Karşılaştırma,15,1.2,1.15,2.87,11,5,0.455,4,0.36,108.3,9.8,1,11.0,6,ileri,False
P28,T12,5'in Parça-Bütünü,Sayı Bileşimi,4,-0.7,1.15,1.67,5,4,0.8,0,0.0,43.6,8.7,1,5.0,6,ileri,False
P28,T13,10'un Arkadaşları,Sayı Bileşimi,6,0.3,1.15,2.5,10,6,0.6,1,0.1,95.1,9.5,1,10.0,6,ileri,False
P28,T14,Numbers-in-Numbers,Sayı Bileşimi,9,0.9,1.15,1.97,7,5,0.714,3,0.43,79.2,11.3,1,7.0,6,ileri,False
P28,T15,Somut Toplama (≤5),Toplama-Çıkarma,4,-0.5,1.15,1.6,4,3,0.75,1,0.25,30.6,7.7,1,4.0,6,ileri,False
P28,T16,Üzerine Sayarak Topl.,Toplama-Çıkarma,7,0.4,1.15,1.37,3,3,1.0,1,0.33,33.6,11.2,1,3.0,6,ileri,False
P28,T17,10'a Tamamla,Toplama-Çıkarma,10,1.1,1.15,2.12,9,7,0.778,5,0.56,108.6,12.1,1,9.0,6,ileri,False
P28,T18,Onluk Birimleme,Basamak Değeri,16,1.5,1.15,1.6,4,3,0.75,4,1.0,52.6,13.1,1,4.0,6,ileri,False
P29,T01,Birebir Eşleme,Sayma,4,-1.6,0.13,0.24,3,3,1.0,0,0.0,30.2,10.1,1,3.0,6,ileri,True
P29,T02,5'e Kadar Sayma,Sayma,5,-1.2,0.13,0.24,3,3,1.0,0,0.0,27.7,9.2,1,3.0,6,ileri,True
P29,T03,10'a Kadar Sayma,Sayma,6,-0.8,0.13,0.55,6,3,0.5,2,0.33,66.3,11.0,1,6.0,6,ileri,True
P29,T04,Kardinal İlke,Sayma,7,-0.5,0.13,0.24,3,3,1.0,2,0.67,37.7,12.6,1,3.0,6,ileri,True
P29,T05,Geri Sayma (10→1),Sayma,9,0.0,0.13,0.24,3,3,1.0,1,0.33,30.8,10.3,1,3.0,6,ileri,True
P29,T06,Algısal Sanbil (1-4),Sanbil,5,-0.9,0.13,0.24,3,3,1.0,0,0.0,32.0,10.7,1,3.0,6,ileri,True
P29,T07,5'lik Çerçeve,Sanbil,6,-0.4,0.13,0.73,11,8,0.727,5,0.45,119.6,10.9,1,11.0,6,ileri,True
P29,T08,Kavramsal Sanbil (10),Sanbil,8,0.2,0.13,0.34,4,3,0.75,2,0.5,46.1,11.5,1,4.0,6,ileri,True
P29,T09,Az-Çok-Eşit,Karşılaştırma,7,-0.6,0.13,0.38,5,4,0.8,2,0.4,49.6,9.9,1,5.0,6,ileri,True
P29,T10,Sıralama (1-10),Karşılaştırma,12,0.5,0.13,0.48,6,4,0.667,3,0.5,75.4,12.6,1,6.0,6,ileri,True
P29,T11,Sayı Doğrusu Konum,Karşılaştırma,15,1.2,0.13,0.97,12,6,0.5,18,1.5,221.9,18.5,0,,6,ileri,True
P29,T12,5'in Parça-Bütünü,Sayı Bileşimi,4,-0.7,0.13,0.24,3,3,1.0,2,0.67,43.0,14.3,1,3.0,6,ileri,True
P29,T13,10'un Arkadaşları,Sayı Bileşimi,6,0.3,0.13,1.12,12,4,0.333,7,0.58,142.6,11.9,0,,6,ileri,True
P29,T14,Numbers-in-Numbers,Sayı Bileşimi,9,0.9,0.13,0.97,12,6,0.5,12,1.0,185.3,15.4,0,,6,ileri,True
P29,T15,Somut Toplama (≤5),Toplama-Çıkarma,4,-0.5,0.13,0.9,12,7,0.583,6,0.5,143.2,11.9,0,,6,ileri,True
P29,T16,Üzerine Sayarak Topl.,Toplama-Çıkarma,7,0.4,0.13,0.83,12,8,0.667,10,0.83,153.0,12.8,0,,6,ileri,True
P29,T17,10'a Tamamla,Toplama-Çıkarma,10,1.1,0.13,1.05,12,5,0.417,11,0.92,209.7,17.5,0,,6,ileri,True
P29,T18,Onluk Birimleme,Basamak Değeri,16,1.5,0.13,0.76,6,0,0.0,9,1.5,127.4,21.2,0,,6,ileri,True
P30,T01,Birebir Eşleme,Sayma,4,-1.6,0.39,0.58,6,4,0.667,0,0.0,66.2,11.0,1,6.0,6,ileri,True
P30,T02,5'e Kadar Sayma,Sayma,5,-1.2,0.39,0.45,3,3,1.0,2,0.67,38.9,13.0,1,3.0,6,ileri,True
P30,T03,10'a Kadar Sayma,Sayma,6,-0.8,0.39,0.45,3,3,1.0,1,0.33,38.1,12.7,1,3.0,6,ileri,True
P30,T04,Kardinal İlke,Sayma,7,-0.5,0.39,0.54,6,5,0.833,3,0.5,77.6,12.9,1,6.0,6,ileri,True
P30,T05,Geri Sayma (10→1),Sayma,9,0.0,0.39,0.48,5,5,1.0,3,0.6,70.0,14.0,1,5.0,6,ileri,True
P30,T06,Algısal Sanbil (1-4),Sanbil,5,-0.9,0.39,0.52,5,4,0.8,4,0.8,69.9,14.0,1,5.0,6,ileri,True
P30,T07,5'lik Çerçeve,Sanbil,6,-0.4,0.39,0.5,4,3,0.75,1,0.25,47.0,11.7,1,4.0,6,ileri,True
P30,T08,Kavramsal Sanbil (10),Sanbil,8,0.2,0.39,0.88,12,5,0.417,10,0.83,169.0,14.1,0,,6,ileri,True
P30,T09,Az-Çok-Eşit,Karşılaştırma,7,-0.6,0.39,0.52,5,4,0.8,1,0.2,60.5,12.1,1,5.0,6,ileri,True
P30,T10,Sıralama (1-10),Karşılaştırma,12,0.5,0.39,0.8,12,7,0.583,9,0.75,165.4,13.8,0,,6,ileri,True
P30,T11,Sayı Doğrusu Konum,Karşılaştırma,15,1.2,0.39,0.84,12,6,0.5,15,1.25,233.1,19.4,0,,6,ileri,True
P30,T12,5'in Parça-Bütünü,Sayı Bileşimi,4,-0.7,0.39,0.71,9,5,0.556,1,0.11,106.9,11.9,1,9.0,6,ileri,True
P30,T13,10'un Arkadaşları,Sayı Bileşimi,6,0.3,0.39,0.92,12,4,0.333,7,0.58,180.4,15.0,0,,6,ileri,True
P30,T14,Numbers-in-Numbers,Sayı Bileşimi,9,0.9,0.39,0.77,12,8,0.667,15,1.25,230.8,19.2,0,,6,ileri,True
P30,T15,Somut Toplama (≤5),Toplama-Çıkarma,4,-0.5,0.39,0.77,12,8,0.667,5,0.42,159.4,13.3,1,12.0,6,ileri,True
P30,T16,Üzerine Sayarak Topl.,Toplama-Çıkarma,7,0.4,0.39,0.73,12,9,0.75,12,1.0,186.5,15.5,0,,6,ileri,True
P30,T17,10'a Tamamla,Toplama-Çıkarma,10,1.1,0.39,0.8,12,7,0.583,19,1.58,243.6,20.3,0,,6,ileri,True
P30,T18,Onluk Birimleme,Basamak Değeri,16,1.5,0.39,0.88,12,5,0.417,13,1.08,253.8,21.1,0,,6,ileri,True
P31,T01,Birebir Eşleme,Sayma,4,-1.6,0.09,0.74,10,7,0.7,1,0.1,90.1,9.0,1,10.0,7,dusuk,False
P31,T02,5'e Kadar Sayma,Sayma,5,-1.2,0.09,0.21,3,3,1.0,1,0.33,30.6,10.2,1,3.0,7,dusuk,False
P31,T03,10'a Kadar Sayma,Sayma,6,-0.8,0.09,0.21,3,3,1.0,2,0.67,38.0,12.7,1,3.0,7,dusuk,False
P31,T04,Kardinal İlke,Sayma,7,-0.5,0.09,0.53,7,5,0.714,1,0.14,62.8,9.0,1,7.0,7,dusuk,False
P31,T05,Geri Sayma (10→1),Sayma,9,0.0,0.09,0.98,12,7,0.583,6,0.5,143.2,11.9,0,,7,dusuk,False
P31,T06,Algısal Sanbil (1-4),Sanbil,5,-0.9,0.09,0.21,3,3,1.0,1,0.33,34.3,11.4,1,3.0,7,dusuk,False
P31,T07,5'lik Çerçeve,Sanbil,6,-0.4,0.09,0.62,7,4,0.571,5,0.71,86.2,12.3,1,7.0,7,dusuk,False
P31,T08,Kavramsal Sanbil (10),Sanbil,8,0.2,0.09,0.98,12,7,0.583,7,0.58,151.1,12.6,0,,7,dusuk,False
P31,T09,Az-Çok-Eşit,Karşılaştırma,7,-0.6,0.09,0.45,5,3,0.6,5,1.0,62.2,12.4,1,5.0,7,dusuk,False
P31,T10,Sıralama (1-10),Karşılaştırma,12,0.5,0.09,1.14,12,5,0.417,9,0.75,166.5,13.9,0,,7,dusuk,False
P31,T11,Sayı Doğrusu Konum,Karşılaştırma,15,1.2,0.09,0.9,12,8,0.667,15,1.25,212.1,17.7,0,,7,dusuk,False
P31,T12,5'in Parça-Bütünü,Sayı Bileşimi,4,-0.7,0.09,0.37,5,4,0.8,2,0.4,55.5,11.1,1,5.0,7,dusuk,False
P31,T13,10'un Arkadaşları,Sayı Bileşimi,6,0.3,0.09,0.74,10,7,0.7,7,0.7,119.8,12.0,1,10.0,7,dusuk,False
P31,T14,Numbers-in-Numbers,Sayı Bileşimi,9,0.9,0.09,0.7,9,6,0.667,7,0.78,131.7,14.6,1,9.0,7,dusuk,False
P31,T15,Somut Toplama (≤5),Toplama-Çıkarma,4,-0.5,0.09,0.21,3,3,1.0,0,0.0,30.2,10.1,1,3.0,7,dusuk,False
P31,T16,Üzerine Sayarak Topl.,Toplama-Çıkarma,7,0.4,0.09,0.9,12,8,0.667,11,0.92,161.8,13.5,0,,7,dusuk,False
P31,T17,10'a Tamamla,Toplama-Çıkarma,10,1.1,0.09,1.14,12,5,0.417,13,1.08,200.7,16.7,0,,7,dusuk,False
P31,T18,Onluk Birimleme,Basamak Değeri,16,1.5,0.09,1.22,12,4,0.333,14,1.17,230.6,19.2,0,,7,dusuk,False
P32,T01,Birebir Eşleme,Sayma,4,-1.6,-1.12,-0.65,12,7,0.583,5,0.42,165.3,13.8,1,12.0,7,dusuk,True
P32,T02,5'e Kadar Sayma,Sayma,5,-1.2,-1.12,-0.63,11,5,0.455,8,0.73,150.3,13.7,1,11.0,7,dusuk,True
P32,T03,10'a Kadar Sayma,Sayma,6,-0.8,-1.12,-0.57,12,5,0.417,10,0.83,179.3,14.9,0,,7,dusuk,True
P32,T04,Kardinal İlke,Sayma,7,-0.5,-1.12,-0.57,12,5,0.417,19,1.58,237.1,19.8,0,,7,dusuk,True
P32,T05,Geri Sayma (10→1),Sayma,9,0.0,-1.12,-0.65,12,7,0.583,19,1.58,276.3,23.0,0,,7,dusuk,True
P32,T06,Algısal Sanbil (1-4),Sanbil,5,-0.9,-1.12,-0.57,12,5,0.417,15,1.25,198.4,16.5,0,,7,dusuk,True
P32,T07,5'lik Çerçeve,Sanbil,6,-0.4,-1.12,-0.57,12,5,0.417,16,1.33,234.5,19.5,0,,7,dusuk,True
P32,T08,Kavramsal Sanbil (10),Sanbil,8,0.2,-1.12,-0.48,12,3,0.25,16,1.33,272.3,22.7,0,,7,dusuk,True
P32,T09,Az-Çok-Eşit,Karşılaştırma,7,-0.6,-1.12,-0.7,12,8,0.667,14,1.17,213.7,17.8,0,,7,dusuk,True
P32,T10,Sıralama (1-10),Karşılaştırma,12,0.5,-1.12,-0.44,12,2,0.167,17,1.42,294.2,24.5,0,,7,dusuk,True
P32,T11,Sayı Doğrusu Konum,Karşılaştırma,15,1.2,-1.12,-0.48,12,3,0.25,18,1.5,354.3,29.5,0,,7,dusuk,True
P32,T12,5'in Parça-Bütünü,Sayı Bileşimi,4,-0.7,-1.12,-0.97,5,4,0.8,3,0.6,79.8,16.0,1,5.0,7,dusuk,True
P32,T13,10'un Arkadaşları,Sayı Bileşimi,6,0.3,-1.12,-0.44,12,2,0.167,9,0.75,255.6,21.3,0,,7,dusuk,True
P32,T14,Numbers-in-Numbers,Sayı Bileşimi,9,0.9,-1.12,-0.48,10,0,0.0,9,0.9,249.3,24.9,0,,7,dusuk,True
P32,T15,Somut Toplama (≤5),Toplama-Çıkarma,4,-0.5,-1.12,-0.61,12,6,0.5,11,0.92,199.1,16.6,0,,7,dusuk,True
P32,T16,Üzerine Sayarak Topl.,Toplama-Çıkarma,7,0.4,-1.12,-0.8,5,0,0.0,6,1.2,118.5,23.7,0,,7,dusuk,True
P32,T17,10'a Tamamla,Toplama-Çıkarma,10,1.1,-1.12,-0.53,12,4,0.333,12,1.0,325.6,27.1,0,,7,dusuk,True
P32,T18,Onluk Birimleme,Basamak Değeri,16,1.5,-1.12,-0.48,12,3,0.25,17,1.42,354.8,29.6,0,,7,dusuk,True
P33,T01,Birebir Eşleme,Sayma,4,-1.6,0.75,1.18,5,4,0.8,0,0.0,53.0,10.6,1,5.0,7,tipik,False
P33,T02,5'e Kadar Sayma,Sayma,5,-1.2,0.75,0.93,3,3,1.0,2,0.67,36.4,12.1,1,3.0,7,tipik,False
P33,T03,10'a Kadar Sayma,Sayma,6,-0.8,0.75,1.72,10,7,0.7,1,0.1,98.8,9.9,1,10.0,7,tipik,False
P33,T04,Kardinal İlke,Sayma,7,-0.5,0.75,0.93,3,3,1.0,1,0.33,29.8,9.9,1,3.0,7,tipik,False
P33,T05,Geri Sayma (10→1),Sayma,9,0.0,0.75,1.18,5,4,0.8,3,0.6,59.6,11.9,1,5.0,7,tipik,False
P33,T06,Algısal Sanbil (1-4),Sanbil,5,-0.9,0.75,0.93,3,3,1.0,0,0.0,30.5,10.2,1,3.0,7,tipik,False
P33,T07,5'lik Çerçeve,Sanbil,6,-0.4,0.75,1.05,5,5,1.0,5,1.0,63.3,12.7,1,5.0,7,tipik,False
P33,T08,Kavramsal Sanbil (10),Sanbil,8,0.2,0.75,0.93,3,3,1.0,2,0.67,37.0,12.3,1,3.0,7,tipik,False
P33,T09,Az-Çok-Eşit,Karşılaştırma,7,-0.6,0.75,1.78,9,5,0.556,3,0.33,84.0,9.3,1,9.0,7,tipik,False
P33,T10,Sıralama (1-10),Karşılaştırma,12,0.5,0.75,1.24,6,5,0.833,3,0.5,70.4,11.7,1,6.0,7,tipik,False
P33,T11,Sayı Doğrusu Konum,Karşılaştırma,15,1.2,0.75,1.91,11,7,0.636,10,0.91,136.6,12.4,1,11.0,7,tipik,False
P33,T12,5'in Parça-Bütünü,Sayı Bileşimi,4,-0.7,0.75,1.11,4,3,0.75,2,0.5,50.6,12.7,1,4.0,7,tipik,False
P33,T13,10'un Arkadaşları,Sayı Bileşimi,6,0.3,0.75,0.93,3,3,1.0,2,0.67,32.4,10.8,1,3.0,7,tipik,False
P33,T14,Numbers-in-Numbers,Sayı Bileşimi,9,0.9,0.75,1.66,9,6,0.667,6,0.67,109.0,12.1,1,9.0,7,tipik,False
P33,T15,Somut Toplama (≤5),Toplama-Çıkarma,4,-0.5,0.75,1.24,6,5,0.833,2,0.33,63.6,10.6,1,6.0,7,tipik,False
P33,T16,Üzerine Sayarak Topl.,Toplama-Çıkarma,7,0.4,0.75,1.72,10,7,0.7,1,0.1,88.4,8.8,1,10.0,7,tipik,False
P33,T17,10'a Tamamla,Toplama-Çıkarma,10,1.1,0.75,1.48,6,3,0.5,5,0.83,80.1,13.3,1,6.0,7,tipik,False
P33,T18,Onluk Birimleme,Basamak Değeri,16,1.5,0.75,2.21,12,6,0.5,4,0.33,136.1,11.3,0,,7,tipik,False
P34,T01,Birebir Eşleme,Sayma,4,-1.6,-0.28,-0.04,4,3,0.75,2,0.5,46.5,11.6,1,4.0,7,tipik,True
P34,T02,5'e Kadar Sayma,Sayma,5,-1.2,-0.28,-0.01,5,4,0.8,0,0.0,50.0,10.0,1,5.0,7,tipik,True
P34,T03,10'a Kadar Sayma,Sayma,6,-0.8,-0.28,-0.04,4,3,0.75,1,0.25,41.2,10.3,1,4.0,7,tipik,True
P34,T04,Kardinal İlke,Sayma,7,-0.5,-0.28,-0.01,5,4,0.8,1,0.2,58.5,11.7,1,5.0,7,tipik,True
P34,T05,Geri Sayma (10→1),Sayma,9,0.0,-0.28,0.35,8,4,0.5,5,0.62,88.8,11.1,1,8.0,7,tipik,True
P34,T06,Algısal Sanbil (1-4),Sanbil,5,-0.9,-0.28,0.5,12,8,0.667,5,0.42,137.1,11.4,1,12.0,7,tipik,True
P34,T07,5'lik Çerçeve,Sanbil,6,-0.4,-0.28,-0.12,4,4,1.0,4,1.0,51.3,12.8,1,4.0,7,tipik,True
P34,T08,Kavramsal Sanbil (10),Sanbil,8,0.2,-0.28,0.74,12,5,0.417,9,0.75,148.0,12.3,0,,7,tipik,True
P34,T09,Az-Çok-Eşit,Karşılaştırma,7,-0.6,-0.28,-0.04,4,3,0.75,3,0.75,54.4,13.6,1,4.0,7,tipik,True
P34,T10,Sıralama (1-10),Karşılaştırma,12,0.5,-0.28,0.58,12,7,0.583,11,0.92,184.9,15.4,0,,7,tipik,True
P34,T11,Sayı Doğrusu Konum,Karşılaştırma,15,1.2,-0.28,0.82,12,4,0.333,16,1.33,229.9,19.2,0,,7,tipik,True
P34,T12,5'in Parça-Bütünü,Sayı Bileşimi,4,-0.7,-0.28,-0.16,3,3,1.0,1,0.33,34.6,11.5,1,3.0,7,tipik,True
P34,T13,10'un Arkadaşları,Sayı Bileşimi,6,0.3,-0.28,0.66,12,6,0.5,11,0.92,165.1,13.8,0,,7,tipik,True
P34,T14,Numbers-in-Numbers,Sayı Bileşimi,9,0.9,-0.28,0.74,12,5,0.417,12,1.0,178.0,14.8,0,,7,tipik,True
P34,T15,Somut Toplama (≤5),Toplama-Çıkarma,4,-0.5,-0.28,-0.04,4,3,0.75,1,0.25,43.6,10.9,1,4.0,7,tipik,True
P34,T16,Üzerine Sayarak Topl.,Toplama-Çıkarma,7,0.4,-0.28,0.66,12,6,0.5,13,1.08,172.8,14.4,0,,7,tipik,True
P34,T17,10'a Tamamla,Toplama-Çıkarma,10,1.1,-0.28,0.62,11,5,0.455,13,1.18,201.1,18.3,1,11.0,7,tipik,True
P34,T18,Onluk Birimleme,Basamak Değeri,16,1.5,-0.28,0.74,12,5,0.417,16,1.33,239.6,20.0,0,,7,tipik,True
P35,T01,Birebir Eşleme,Sayma,4,-1.6,1.12,1.27,3,3,1.0,0,0.0,34.3,11.4,1,3.0,7,ileri,False
P35,T02,5'e Kadar Sayma,Sayma,5,-1.2,1.12,1.27,3,3,1.0,0,0.0,32.6,10.9,1,3.0,7,ileri,False
P35,T03,10'a Kadar Sayma,Sayma,6,-0.8,1.12,1.27,3,3,1.0,1,0.33,40.3,13.4,1,3.0,7,ileri,False
P35,T04,Kardinal İlke,Sayma,7,-0.5,1.12,1.27,3,3,1.0,0,0.0,28.8,9.6,1,3.0,7,ileri,False
P35,T05,Geri Sayma (10→1),Sayma,9,0.0,1.12,1.89,9,6,0.667,3,0.33,114.4,12.7,1,9.0,7,ileri,False
P35,T06,Algısal Sanbil (1-4),Sanbil,5,-0.9,1.12,1.53,6,5,0.833,0,0.0,61.1,10.2,1,6.0,7,ileri,False
P35,T07,5'lik Çerçeve,Sanbil,6,-0.4,1.12,1.43,4,3,0.75,2,0.5,54.4,13.6,1,4.0,7,ileri,False
P35,T08,Kavramsal Sanbil (10),Sanbil,8,0.2,1.12,1.32,4,4,1.0,3,0.75,51.6,12.9,1,4.0,7,ileri,False
P35,T09,Az-Çok-Eşit,Karşılaştırma,7,-0.6,1.12,1.48,5,4,0.8,1,0.2,61.8,12.4,1,5.0,7,ileri,False
P35,T10,Sıralama (1-10),Karşılaştırma,12,0.5,1.12,1.27,3,3,1.0,1,0.33,42.4,14.1,1,3.0,7,ileri,False
P35,T11,Sayı Doğrusu Konum,Karşılaştırma,15,1.2,1.12,1.89,9,6,0.667,6,0.67,124.0,13.8,1,9.0,7,ileri,False
P35,T12,5'in Parça-Bütünü,Sayı Bileşimi,4,-0.7,1.12,1.27,3,3,1.0,0,0.0,30.9,10.3,1,3.0,7,ileri,False
P35,T13,10'un Arkadaşları,Sayı Bileşimi,6,0.3,1.12,1.63,6,4,0.667,1,0.17,80.9,13.5,1,6.0,7,ileri,False
P35,T14,Numbers-in-Numbers,Sayı Bileşimi,9,0.9,1.12,1.53,6,5,0.833,5,0.83,91.5,15.2,1,6.0,7,ileri,False
P35,T15,Somut Toplama (≤5),Toplama-Çıkarma,4,-0.5,1.12,1.27,3,3,1.0,2,0.67,43.3,14.4,1,3.0,7,ileri,False
P35,T16,Üzerine Sayarak Topl.,Toplama-Çıkarma,7,0.4,1.12,1.43,4,3,0.75,2,0.5,51.9,13.0,1,4.0,7,ileri,False
P35,T17,10'a Tamamla,Toplama-Çıkarma,10,1.1,1.12,2.14,12,8,0.667,12,1.0,177.1,14.8,0,,7,ileri,False
P35,T18,Onluk Birimleme,Basamak Değeri,16,1.5,1.12,1.94,8,4,0.5,5,0.62,105.6,13.2,1,8.0,7,ileri,False
P36,T01,Birebir Eşleme,Sayma,4,-1.6,0.49,0.57,3,3,1.0,0,0.0,37.0,12.3,1,3.0,7,ileri,True
P36,T02,5'e Kadar Sayma,Sayma,5,-1.2,0.49,0.57,3,3,1.0,0,0.0,35.4,11.8,1,3.0,7,ileri,True
P36,T03,10'a Kadar Sayma,Sayma,6,-0.8,0.49,0.71,6,5,0.833,3,0.5,76.9,12.8,1,6.0,7,ileri,True
P36,T04,Kardinal İlke,Sayma,7,-0.5,0.49,0.57,3,3,1.0,0,0.0,32.3,10.8,1,3.0,7,ileri,True
P36,T05,Geri Sayma (10→1),Sayma,9,0.0,0.49,0.74,7,6,0.857,6,0.86,101.8,14.5,1,7.0,7,ileri,True
P36,T06,Algısal Sanbil (1-4),Sanbil,5,-0.9,0.49,0.57,3,3,1.0,0,0.0,35.5,11.8,1,3.0,7,ileri,True
P36,T07,5'lik Çerçeve,Sanbil,6,-0.4,0.49,0.6,4,4,1.0,3,0.75,59.0,14.8,1,4.0,7,ileri,True
P36,T08,Kavramsal Sanbil (10),Sanbil,8,0.2,0.49,0.8,7,5,0.714,5,0.71,98.2,14.0,1,7.0,7,ileri,True
P36,T09,Az-Çok-Eşit,Karşılaştırma,7,-0.6,0.49,0.57,3,3,1.0,2,0.67,40.9,13.6,1,3.0,7,ileri,True
P36,T10,Sıralama (1-10),Karşılaştırma,12,0.5,0.49,0.91,11,9,0.818,11,1.0,173.7,15.8,1,11.0,7,ileri,True
P36,T11,Sayı Doğrusu Konum,Karşılaştırma,15,1.2,0.49,0.91,9,6,0.667,11,1.22,175.5,19.5,1,9.0,7,ileri,True
P36,T12,5'in Parça-Bütünü,Sayı Bileşimi,4,-0.7,0.49,0.71,6,5,0.833,1,0.17,69.8,11.6,1,6.0,7,ileri,True
P36,T13,10'un Arkadaşları,Sayı Bileşimi,6,0.3,0.49,1.05,12,8,0.667,12,1.0,199.5,16.6,0,,7,ileri,True
P36,T14,Numbers-in-Numbers,Sayı Bileşimi,9,0.9,0.49,0.94,8,4,0.5,9,1.12,132.3,16.5,1,8.0,7,ileri,True
P36,T15,Somut Toplama (≤5),Toplama-Çıkarma,4,-0.5,0.49,0.57,3,3,1.0,2,0.67,43.2,14.4,1,3.0,7,ileri,True
P36,T16,Üzerine Sayarak Topl.,Toplama-Çıkarma,7,0.4,0.49,1.16,12,6,0.5,11,0.92,185.9,15.5,0,,7,ileri,True
P36,T17,10'a Tamamla,Toplama-Çıkarma,10,1.1,0.49,1.16,12,6,0.5,17,1.42,229.1,19.1,0,,7,ileri,True
P36,T18,Onluk Birimleme,Basamak Değeri,16,1.5,0.49,0.74,5,3,0.6,4,0.8,99.9,20.0,1,5.0,7,ileri,True
